periodo,fecha_pred_ini,fecha_pred_fin,date,pred_cop_usd,true_cop_usd,error_abs
2022,2022-01-01,2022-12-31,2022-01-03,3966.90869140625,4061.800048828125,94.891357421875
2022,2022-01-01,2022-12-31,2022-01-04,3953.64111328125,4081.550048828125,127.908935546875
2022,2022-01-01,2022-12-31,2022-01-05,3947.040771484375,4024.35009765625,77.309326171875
2022,2022-01-01,2022-12-31,2022-01-06,3925.822265625,4033.050048828125,107.227783203125
2022,2022-01-01,2022-12-31,2022-01-07,3966.786376953125,4051.080078125,84.293701171875
2022,2022-01-01,2022-12-31,2022-01-10,3976.22705078125,4051.97998046875,75.7529296875
2022,2022-01-01,2022-12-31,2022-01-11,3968.5771484375,3993.25,24.6728515625
2022,2022-01-01,2022-12-31,2022-01-12,4003.80712890625,3974.3798828125,29.42724609375
2022,2022-01-01,2022-12-31,2022-01-13,3952.35302734375,3967.85009765625,15.4970703125
2022,2022-01-01,2022-12-31,2022-01-14,3979.927978515625,4004.030029296875,24.10205078125
2022,2022-01-01,2022-12-31,2022-01-17,3967.832763671875,4007.110107421875,39.27734375
2022,2022-01-01,2022-12-31,2022-01-18,4034.207275390625,4038.090087890625,3.8828125
2022,2022-01-01,2022-12-31,2022-01-19,3948.587890625,3995.0400390625,46.4521484375
2022,2022-01-01,2022-12-31,2022-01-20,3956.09619140625,3977.22998046875,21.1337890625
2022,2022-01-01,2022-12-31,2022-01-21,3984.219482421875,3955.3798828125,28.839599609375
2022,2022-01-01,2022-12-31,2022-01-24,4029.1396484375,3977.050048828125,52.089599609375
2022,2022-01-01,2022-12-31,2022-01-25,4007.818115234375,3970.77001953125,37.048095703125
2022,2022-01-01,2022-12-31,2022-01-26,3939.01611328125,3930.39990234375,8.6162109375
2022,2022-01-01,2022-12-31,2022-01-27,4031.9716796875,3963.64990234375,68.32177734375
2022,2022-01-01,2022-12-31,2022-01-28,3952.103271484375,3957.0,4.896728515625
2022,2022-01-01,2022-12-31,2022-01-31,3984.3017578125,3947.010009765625,37.291748046875
2022,2022-01-01,2022-12-31,2022-02-01,3952.251708984375,3925.510009765625,26.74169921875
2022,2022-01-01,2022-12-31,2022-02-02,3946.822265625,3932.489990234375,14.332275390625
2022,2022-01-01,2022-12-31,2022-02-03,3900.14453125,3954.18994140625,54.04541015625
2022,2022-01-01,2022-12-31,2022-02-04,3990.251708984375,3955.679931640625,34.57177734375
2022,2022-01-01,2022-12-31,2022-02-07,3956.83251953125,3965.25,8.41748046875
2022,2022-01-01,2022-12-31,2022-02-08,3964.260009765625,3948.2099609375,16.050048828125
2022,2022-01-01,2022-12-31,2022-02-09,3994.439208984375,3939.780029296875,54.6591796875
2022,2022-01-01,2022-12-31,2022-02-10,3965.189453125,3920.199951171875,44.989501953125
2022,2022-01-01,2022-12-31,2022-02-11,3923.901123046875,3930.02001953125,6.118896484375
2022,2022-01-01,2022-12-31,2022-02-14,3997.61669921875,3944.5,53.11669921875
2022,2022-01-01,2022-12-31,2022-02-15,3948.36865234375,3951.85009765625,3.4814453125
2022,2022-01-01,2022-12-31,2022-02-16,3912.943603515625,3963.52001953125,50.576416015625
2022,2022-01-01,2022-12-31,2022-02-17,3935.891357421875,3932.550048828125,3.34130859375
2022,2022-01-01,2022-12-31,2022-02-18,3990.454345703125,3930.739990234375,59.71435546875
2022,2022-01-01,2022-12-31,2022-02-21,3940.04638671875,3938.31005859375,1.736328125
2022,2022-01-01,2022-12-31,2022-02-22,3953.09033203125,3930.570068359375,22.520263671875
2022,2022-01-01,2022-12-31,2022-02-23,3973.222412109375,3912.89990234375,60.322509765625
2022,2022-01-01,2022-12-31,2022-02-24,3984.89501953125,3926.610107421875,58.284912109375
2022,2022-01-01,2022-12-31,2022-02-25,3998.01171875,3913.0,85.01171875
2022,2022-01-01,2022-12-31,2022-02-28,3939.199462890625,3937.93994140625,1.259521484375
2022,2022-01-01,2022-12-31,2022-03-01,3971.666015625,3884.1298828125,87.5361328125
2022,2022-01-01,2022-12-31,2022-03-02,3960.53369140625,3836.47998046875,124.0537109375
2022,2022-01-01,2022-12-31,2022-03-03,4004.065185546875,3756.419921875,247.645263671875
2022,2022-01-01,2022-12-31,2022-03-04,3953.531494140625,3826.489990234375,127.04150390625
2022,2022-01-01,2022-12-31,2022-03-07,3962.732421875,3812.31005859375,150.42236328125
2022,2022-01-01,2022-12-31,2022-03-08,3978.3779296875,3771.85009765625,206.52783203125
2022,2022-01-01,2022-12-31,2022-03-09,4016.19140625,3742.89990234375,273.29150390625
2022,2022-01-01,2022-12-31,2022-03-10,3966.106201171875,3817.75,148.356201171875
2022,2022-01-01,2022-12-31,2022-03-11,4021.604248046875,3819.949951171875,201.654296875
2022,2022-01-01,2022-12-31,2022-03-14,3971.963134765625,3798.659912109375,173.30322265625
2022,2022-01-01,2022-12-31,2022-03-15,3953.7138671875,3831.949951171875,121.763916015625
2022,2022-01-01,2022-12-31,2022-03-16,3996.860595703125,3836.300048828125,160.560546875
2022,2022-01-01,2022-12-31,2022-03-17,4018.000244140625,3825.14990234375,192.850341796875
2022,2022-01-01,2022-12-31,2022-03-18,4013.409423828125,3817.0400390625,196.369384765625
2022,2022-01-01,2022-12-31,2022-03-21,3932.175048828125,3817.0400390625,115.135009765625
2022,2022-01-01,2022-12-31,2022-03-22,3939.57470703125,3761.610107421875,177.964599609375
2022,2022-01-01,2022-12-31,2022-03-23,3980.101318359375,3784.820068359375,195.28125
2022,2022-01-01,2022-12-31,2022-03-24,4010.472900390625,3788.22998046875,222.242919921875
2022,2022-01-01,2022-12-31,2022-03-25,4024.96875,3794.110107421875,230.858642578125
2022,2022-01-01,2022-12-31,2022-03-28,4011.0634765625,3786.8798828125,224.18359375
2022,2022-01-01,2022-12-31,2022-03-29,3982.801513671875,3756.110107421875,226.69140625
2022,2022-01-01,2022-12-31,2022-03-30,3998.6806640625,3757.4599609375,241.220703125
2022,2022-01-01,2022-12-31,2022-03-31,3961.492431640625,3771.050048828125,190.4423828125
2022,2022-01-01,2022-12-31,2022-04-01,3996.46435546875,3754.659912109375,241.804443359375
2022,2022-01-01,2022-12-31,2022-04-04,3986.44091796875,3706.02001953125,280.4208984375
2022,2022-01-01,2022-12-31,2022-04-05,4009.350830078125,3741.10009765625,268.250732421875
2022,2022-01-01,2022-12-31,2022-04-06,3940.455810546875,3750.449951171875,190.005859375
2022,2022-01-01,2022-12-31,2022-04-07,3993.64501953125,3769.5,224.14501953125
2022,2022-01-01,2022-12-31,2022-04-08,3988.3544921875,3754.0,234.3544921875
2022,2022-01-01,2022-12-31,2022-04-11,3991.49609375,3739.070068359375,252.426025390625
2022,2022-01-01,2022-12-31,2022-04-12,3987.90087890625,3732.72998046875,255.1708984375
2022,2022-01-01,2022-12-31,2022-04-13,4051.49169921875,3723.0,328.49169921875
2022,2022-01-01,2022-12-31,2022-04-14,3930.78466796875,3721.5,209.28466796875
2022,2022-01-01,2022-12-31,2022-04-15,4002.24853515625,3721.5,280.74853515625
2022,2022-01-01,2022-12-31,2022-04-18,3980.590576171875,3733.419921875,247.170654296875
2022,2022-01-01,2022-12-31,2022-04-19,3980.61474609375,3749.820068359375,230.794677734375
2022,2022-01-01,2022-12-31,2022-04-20,3992.623291015625,3760.659912109375,231.96337890625
2022,2022-01-01,2022-12-31,2022-04-21,3946.87646484375,3766.659912109375,180.216552734375
2022,2022-01-01,2022-12-31,2022-04-22,3963.765625,3857.75,106.015625
2022,2022-01-01,2022-12-31,2022-04-25,4014.98486328125,3933.43994140625,81.544921875
2022,2022-01-01,2022-12-31,2022-04-26,4005.13134765625,3942.929931640625,62.201416015625
2022,2022-01-01,2022-12-31,2022-04-27,3984.194091796875,3955.5400390625,28.654052734375
2022,2022-01-01,2022-12-31,2022-04-28,3959.525634765625,3981.27001953125,21.744384765625
2022,2022-01-01,2022-12-31,2022-04-29,3962.620849609375,3960.949951171875,1.6708984375
2022,2022-01-01,2022-12-31,2022-05-02,3947.99072265625,4010.02001953125,62.029296875
2022,2022-01-01,2022-12-31,2022-05-03,3978.87939453125,4029.27001953125,50.390625
2022,2022-01-01,2022-12-31,2022-05-04,3958.773681640625,4066.360107421875,107.58642578125
2022,2022-01-01,2022-12-31,2022-05-05,3985.041015625,4083.0400390625,97.9990234375
2022,2022-01-01,2022-12-31,2022-05-06,4020.0146484375,4053.929931640625,33.915283203125
2022,2022-01-01,2022-12-31,2022-05-09,3987.64013671875,4091.110107421875,103.469970703125
2022,2022-01-01,2022-12-31,2022-05-10,3959.44189453125,4074.070068359375,114.628173828125
2022,2022-01-01,2022-12-31,2022-05-11,4020.166259765625,4086.02001953125,65.853759765625
2022,2022-01-01,2022-12-31,2022-05-12,3964.3974609375,4110.68994140625,146.29248046875
2022,2022-01-01,2022-12-31,2022-05-13,3968.41943359375,4109.8798828125,141.46044921875
2022,2022-01-01,2022-12-31,2022-05-16,4002.769775390625,4058.18994140625,55.420166015625
2022,2022-01-01,2022-12-31,2022-05-17,4013.4501953125,4029.429931640625,15.979736328125
2022,2022-01-01,2022-12-31,2022-05-18,3958.224609375,4071.489990234375,113.265380859375
2022,2022-01-01,2022-12-31,2022-05-19,3973.7021484375,4053.300048828125,79.597900390625
2022,2022-01-01,2022-12-31,2022-05-20,3946.2294921875,3971.780029296875,25.550537109375
2022,2022-01-01,2022-12-31,2022-05-23,3969.525634765625,3977.52001953125,7.994384765625
2022,2022-01-01,2022-12-31,2022-05-24,3965.138671875,3976.169921875,11.03125
2022,2022-01-01,2022-12-31,2022-05-25,3966.59033203125,3936.6298828125,29.96044921875
2022,2022-01-01,2022-12-31,2022-05-26,3935.64501953125,3922.0,13.64501953125
2022,2022-01-01,2022-12-31,2022-05-27,3996.48779296875,3932.590087890625,63.897705078125
2022,2022-01-01,2022-12-31,2022-05-30,3985.159912109375,3932.590087890625,52.56982421875
2022,2022-01-01,2022-12-31,2022-05-31,4006.596435546875,3772.10009765625,234.496337890625
2022,2022-01-01,2022-12-31,2022-06-01,3993.693359375,3799.919921875,193.7734375
2022,2022-01-01,2022-12-31,2022-06-02,3934.303955078125,3773.89990234375,160.404052734375
2022,2022-01-01,2022-12-31,2022-06-03,4012.276123046875,3788.320068359375,223.9560546875
2022,2022-01-01,2022-12-31,2022-06-06,4031.364013671875,3795.429931640625,235.93408203125
2022,2022-01-01,2022-12-31,2022-06-07,3985.219970703125,3784.800048828125,200.419921875
2022,2022-01-01,2022-12-31,2022-06-08,3976.6435546875,3807.139892578125,169.503662109375
2022,2022-01-01,2022-12-31,2022-06-09,4000.4404296875,3850.669921875,149.7705078125
2022,2022-01-01,2022-12-31,2022-06-10,4013.042236328125,3940.949951171875,72.09228515625
2022,2022-01-01,2022-12-31,2022-06-13,3947.95654296875,3970.75,22.79345703125
2022,2022-01-01,2022-12-31,2022-06-14,3971.919921875,3967.800048828125,4.119873046875
2022,2022-01-01,2022-12-31,2022-06-15,4007.148681640625,3892.35009765625,114.798583984375
2022,2022-01-01,2022-12-31,2022-06-16,3957.093994140625,3900.169921875,56.924072265625
2022,2022-01-01,2022-12-31,2022-06-17,3956.126953125,3902.050048828125,54.076904296875
2022,2022-01-01,2022-12-31,2022-06-20,3958.1005859375,3902.050048828125,56.050537109375
2022,2022-01-01,2022-12-31,2022-06-21,3992.07275390625,4023.93994140625,31.8671875
2022,2022-01-01,2022-12-31,2022-06-22,4057.923095703125,4019.469970703125,38.453125
2022,2022-01-01,2022-12-31,2022-06-23,3983.290283203125,4108.3798828125,125.089599609375
2022,2022-01-01,2022-12-31,2022-06-24,3933.468994140625,4138.3798828125,204.910888671875
2022,2022-01-01,2022-12-31,2022-06-27,3993.78125,4138.3798828125,144.5986328125
2022,2022-01-01,2022-12-31,2022-06-28,3947.235107421875,4096.759765625,149.524658203125
2022,2022-01-01,2022-12-31,2022-06-29,4003.65087890625,4115.64990234375,111.9990234375
2022,2022-01-01,2022-12-31,2022-06-30,3979.7314453125,4155.10986328125,175.37841796875
2022,2022-01-01,2022-12-31,2022-07-01,3996.346435546875,4198.39013671875,202.043701171875
2022,2022-01-01,2022-12-31,2022-07-04,3968.68310546875,4188.580078125,219.89697265625
2022,2022-01-01,2022-12-31,2022-07-05,3960.130615234375,4278.8798828125,318.749267578125
2022,2022-01-01,2022-12-31,2022-07-06,3975.499267578125,4352.7099609375,377.210693359375
2022,2022-01-01,2022-12-31,2022-07-07,3966.855712890625,4395.35009765625,428.494384765625
2022,2022-01-01,2022-12-31,2022-07-08,3977.08837890625,4420.75,443.66162109375
2022,2022-01-01,2022-12-31,2022-07-11,3980.895263671875,4575.0400390625,594.144775390625
2022,2022-01-01,2022-12-31,2022-07-12,4023.19677734375,4626.7998046875,603.60302734375
2022,2022-01-01,2022-12-31,2022-07-13,3978.7529296875,4490.39990234375,511.64697265625
2022,2022-01-01,2022-12-31,2022-07-14,4000.75439453125,4493.4501953125,492.69580078125
2022,2022-01-01,2022-12-31,2022-07-15,3935.5048828125,4361.4501953125,425.9453125
2022,2022-01-01,2022-12-31,2022-07-18,3994.496826171875,4308.830078125,314.333251953125
2022,2022-01-01,2022-12-31,2022-07-19,4002.818359375,4321.85009765625,319.03173828125
2022,2022-01-01,2022-12-31,2022-07-20,3970.9228515625,4321.85009765625,350.92724609375
2022,2022-01-01,2022-12-31,2022-07-21,3981.013671875,4424.39013671875,443.37646484375
2022,2022-01-01,2022-12-31,2022-07-22,3979.42138671875,4464.5,485.07861328125
2022,2022-01-01,2022-12-31,2022-07-25,3972.90869140625,4466.97998046875,494.0712890625
2022,2022-01-01,2022-12-31,2022-07-26,3980.969482421875,4446.580078125,465.610595703125
2022,2022-01-01,2022-12-31,2022-07-27,3972.26953125,4422.080078125,449.810546875
2022,2022-01-01,2022-12-31,2022-07-28,4009.45068359375,4372.02001953125,362.5693359375
2022,2022-01-01,2022-12-31,2022-07-29,3962.71142578125,4295.52001953125,332.80859375
2022,2022-01-01,2022-12-31,2022-08-01,3974.6533203125,4269.9501953125,295.296875
2022,2022-01-01,2022-12-31,2022-08-02,4035.64306640625,4325.2001953125,289.55712890625
2022,2022-01-01,2022-12-31,2022-08-03,4022.925537109375,4307.25,284.324462890625
2022,2022-01-01,2022-12-31,2022-08-04,4000.48486328125,4289.4501953125,288.96533203125
2022,2022-01-01,2022-12-31,2022-08-05,3987.822021484375,4348.02001953125,360.197998046875
2022,2022-01-01,2022-12-31,2022-08-08,4007.841064453125,4316.89990234375,309.058837890625
2022,2022-01-01,2022-12-31,2022-08-09,3983.748046875,4349.509765625,365.76171875
2022,2022-01-01,2022-12-31,2022-08-10,3949.683349609375,4273.0,323.316650390625
2022,2022-01-01,2022-12-31,2022-08-11,3985.51904296875,4228.18994140625,242.6708984375
2022,2022-01-01,2022-12-31,2022-08-12,3999.3271484375,4160.10009765625,160.77294921875
2022,2022-01-01,2022-12-31,2022-08-15,3934.491943359375,4160.10009765625,225.608154296875
2022,2022-01-01,2022-12-31,2022-08-16,3970.864501953125,4247.58984375,276.725341796875
2022,2022-01-01,2022-12-31,2022-08-17,3964.154541015625,4345.240234375,381.085693359375
2022,2022-01-01,2022-12-31,2022-08-18,3995.6142578125,4389.8798828125,394.265625
2022,2022-01-01,2022-12-31,2022-08-19,3958.958984375,4377.35009765625,418.39111328125
2022,2022-01-01,2022-12-31,2022-08-22,3987.180908203125,4397.1201171875,409.939208984375
2022,2022-01-01,2022-12-31,2022-08-23,4034.203125,4357.39013671875,323.18701171875
2022,2022-01-01,2022-12-31,2022-08-24,4000.6337890625,4409.25,408.6162109375
2022,2022-01-01,2022-12-31,2022-08-25,4005.138671875,4393.10009765625,387.96142578125
2022,2022-01-01,2022-12-31,2022-08-26,3932.244873046875,4403.9501953125,471.705322265625
2022,2022-01-01,2022-12-31,2022-08-29,3971.904541015625,4369.2001953125,397.295654296875
2022,2022-01-01,2022-12-31,2022-08-30,4002.238525390625,4421.52001953125,419.281494140625
2022,2022-01-01,2022-12-31,2022-08-31,3959.263671875,4429.169921875,469.90625
2022,2022-01-01,2022-12-31,2022-09-01,3998.63232421875,4486.85009765625,488.2177734375
2022,2022-01-01,2022-12-31,2022-09-02,4001.138916015625,4482.6298828125,481.490966796875
2022,2022-01-01,2022-12-31,2022-09-05,4021.079833984375,4474.5498046875,453.469970703125
2022,2022-01-01,2022-12-31,2022-09-06,3974.5791015625,4478.5498046875,503.970703125
2022,2022-01-01,2022-12-31,2022-09-07,4002.1533203125,4404.47021484375,402.31689453125
2022,2022-01-01,2022-12-31,2022-09-08,3995.2490234375,4397.18994140625,401.94091796875
2022,2022-01-01,2022-12-31,2022-09-09,4017.984375,4353.27001953125,335.28564453125
2022,2022-01-01,2022-12-31,2022-09-12,3935.9013671875,4359.580078125,423.6787109375
2022,2022-01-01,2022-12-31,2022-09-13,4012.547607421875,4412.0,399.452392578125
2022,2022-01-01,2022-12-31,2022-09-14,4005.946533203125,4386.490234375,380.543701171875
2022,2022-01-01,2022-12-31,2022-09-15,3994.05859375,4418.66015625,424.6015625
2022,2022-01-01,2022-12-31,2022-09-16,3937.743408203125,4435.89990234375,498.156494140625
2022,2022-01-01,2022-12-31,2022-09-19,3968.19970703125,4406.2001953125,438.00048828125
2022,2022-01-01,2022-12-31,2022-09-20,3979.92431640625,4423.7998046875,443.87548828125
2022,2022-01-01,2022-12-31,2022-09-21,4046.3291015625,4403.75,357.4208984375
2022,2022-01-01,2022-12-31,2022-09-22,3942.699951171875,4367.91015625,425.210205078125
2022,2022-01-01,2022-12-31,2022-09-23,3973.75146484375,4448.02001953125,474.2685546875
2022,2022-01-01,2022-12-31,2022-09-26,4002.1650390625,4544.02978515625,541.86474609375
2022,2022-01-01,2022-12-31,2022-09-27,3963.94140625,4559.81005859375,595.86865234375
2022,2022-01-01,2022-12-31,2022-09-28,4011.668212890625,4487.169921875,475.501708984375
2022,2022-01-01,2022-12-31,2022-09-29,3954.02490234375,4530.47021484375,576.4453125
2022,2022-01-01,2022-12-31,2022-09-30,4028.52880859375,4608.75,580.22119140625
2022,2022-01-01,2022-12-31,2022-10-03,3984.072021484375,4530.0498046875,545.977783203125
2022,2022-01-01,2022-12-31,2022-10-04,3957.901611328125,4498.52001953125,540.618408203125
2022,2022-01-01,2022-12-31,2022-10-05,4024.852783203125,4582.2001953125,557.347412109375
2022,2022-01-01,2022-12-31,2022-10-06,3962.498291015625,4609.27001953125,646.771728515625
2022,2022-01-01,2022-12-31,2022-10-07,4018.187255859375,4622.8798828125,604.692626953125
2022,2022-01-01,2022-12-31,2022-10-10,3992.217041015625,4606.02001953125,613.802978515625
2022,2022-01-01,2022-12-31,2022-10-11,3987.12646484375,4607.25,620.12353515625
2022,2022-01-01,2022-12-31,2022-10-12,4058.371826171875,4607.330078125,548.958251953125
2022,2022-01-01,2022-12-31,2022-10-13,3999.099365234375,4575.7001953125,576.600830078125
2022,2022-01-01,2022-12-31,2022-10-14,4054.259521484375,4698.5,644.240478515625
2022,2022-01-01,2022-12-31,2022-10-17,4029.001708984375,4685.919921875,656.918212890625
2022,2022-01-01,2022-12-31,2022-10-18,3981.800048828125,4766.0498046875,784.249755859375
2022,2022-01-01,2022-12-31,2022-10-19,4001.5380859375,4841.75,840.2119140625
2022,2022-01-01,2022-12-31,2022-10-20,3943.70263671875,4906.7998046875,963.09716796875
2022,2022-01-01,2022-12-31,2022-10-21,4010.113037109375,4915.580078125,905.467041015625
2022,2022-01-01,2022-12-31,2022-10-24,4010.692138671875,4990.7001953125,980.008056640625
2022,2022-01-01,2022-12-31,2022-10-25,3978.434326171875,4976.25,997.815673828125
2022,2022-01-01,2022-12-31,2022-10-26,3953.78759765625,4886.4599609375,932.67236328125
2022,2022-01-01,2022-12-31,2022-10-27,4015.96875,4822.41015625,806.44140625
2022,2022-01-01,2022-12-31,2022-10-28,3989.9814453125,4833.39990234375,843.41845703125
2022,2022-01-01,2022-12-31,2022-10-31,3984.313232421875,4940.080078125,955.766845703125
2022,2022-01-01,2022-12-31,2022-11-01,4008.0439453125,5008.669921875,1000.6259765625
2022,2022-01-01,2022-12-31,2022-11-02,3995.612060546875,5011.580078125,1015.968017578125
2022,2022-01-01,2022-12-31,2022-11-03,4000.297119140625,5075.25,1074.952880859375
2022,2022-01-01,2022-12-31,2022-11-04,3971.515625,5120.14990234375,1148.63427734375
2022,2022-01-01,2022-12-31,2022-11-07,3984.3505859375,5120.14990234375,1135.79931640625
2022,2022-01-01,2022-12-31,2022-11-08,4026.64599609375,4950.2001953125,923.55419921875
2022,2022-01-01,2022-12-31,2022-11-09,4003.67919921875,4878.7099609375,875.03076171875
2022,2022-01-01,2022-12-31,2022-11-10,3982.42626953125,4801.9501953125,819.52392578125
2022,2022-01-01,2022-12-31,2022-11-11,4000.857177734375,4808.9501953125,808.093017578125
2022,2022-01-01,2022-12-31,2022-11-14,4030.9873046875,4805.5400390625,774.552734375
2022,2022-01-01,2022-12-31,2022-11-15,4008.630859375,4858.7001953125,850.0693359375
2022,2022-01-01,2022-12-31,2022-11-16,3975.61083984375,4952.85009765625,977.2392578125
2022,2022-01-01,2022-12-31,2022-11-17,4035.42138671875,4992.25,956.82861328125
2022,2022-01-01,2022-12-31,2022-11-18,4003.4794921875,4988.419921875,984.9404296875
2022,2022-01-01,2022-12-31,2022-11-21,3999.51513671875,4945.6298828125,946.11474609375
2022,2022-01-01,2022-12-31,2022-11-22,4052.56396484375,4905.27001953125,852.7060546875
2022,2022-01-01,2022-12-31,2022-11-23,4024.87451171875,4890.2001953125,865.32568359375
2022,2022-01-01,2022-12-31,2022-11-24,3986.042236328125,4885.580078125,899.537841796875
2022,2022-01-01,2022-12-31,2022-11-25,3992.77294921875,4866.169921875,873.39697265625
2022,2022-01-01,2022-12-31,2022-11-28,4004.855712890625,4834.509765625,829.654052734375
2022,2022-01-01,2022-12-31,2022-11-29,3982.781005859375,4809.52001953125,826.739013671875
2022,2022-01-01,2022-12-31,2022-11-30,4003.955322265625,4834.25,830.294677734375
2022,2022-01-01,2022-12-31,2022-12-01,3945.321044921875,4765.75,820.428955078125
2022,2022-01-01,2022-12-31,2022-12-02,3915.347412109375,4776.64990234375,861.302490234375
2022,2022-01-01,2022-12-31,2022-12-05,3973.1181640625,4839.85009765625,866.73193359375
2022,2022-01-01,2022-12-31,2022-12-06,3996.13427734375,4834.0,837.86572265625
2022,2022-01-01,2022-12-31,2022-12-07,4002.3623046875,4827.990234375,825.6279296875
2022,2022-01-01,2022-12-31,2022-12-08,3979.64306640625,4827.990234375,848.34716796875
2022,2022-01-01,2022-12-31,2022-12-09,3968.0673828125,4809.60009765625,841.53271484375
2022,2022-01-01,2022-12-31,2022-12-12,3953.559814453125,4849.2001953125,895.640380859375
2022,2022-01-01,2022-12-31,2022-12-13,4045.082275390625,4763.41015625,718.327880859375
2022,2022-01-01,2022-12-31,2022-12-14,3996.50390625,4781.169921875,784.666015625
2022,2022-01-01,2022-12-31,2022-12-15,3990.074951171875,4793.72021484375,803.645263671875
2022,2022-01-01,2022-12-31,2022-12-16,3979.814453125,4787.7998046875,807.9853515625
2022,2022-01-01,2022-12-31,2022-12-19,3991.9169921875,4777.1201171875,785.203125
2022,2022-01-01,2022-12-31,2022-12-20,4007.146484375,4769.22998046875,762.08349609375
2022,2022-01-01,2022-12-31,2022-12-21,3991.766845703125,4770.08984375,778.322998046875
2022,2022-01-01,2022-12-31,2022-12-22,4016.5146484375,4761.77978515625,745.26513671875
2022,2022-01-01,2022-12-31,2022-12-23,3993.3388671875,4737.68017578125,744.34130859375
2022,2022-01-01,2022-12-31,2022-12-26,4024.62939453125,4741.75,717.12060546875
2022,2022-01-01,2022-12-31,2022-12-27,4020.85205078125,4765.7001953125,744.84814453125
2022,2022-01-01,2022-12-31,2022-12-28,3906.80859375,4774.5,867.69140625
2022,2022-01-01,2022-12-31,2022-12-29,4016.219970703125,4852.5,836.280029296875
2022,2022-01-01,2022-12-31,2022-12-30,4026.032470703125,4852.5,826.467529296875
2023,2023-01-01,2023-12-31,2023-01-02,4857.732421875,4852.5,5.232421875
2023,2023-01-01,2023-12-31,2023-01-03,4783.39599609375,4896.240234375,112.84423828125
2023,2023-01-01,2023-12-31,2023-01-04,4879.701171875,4929.669921875,49.96875
2023,2023-01-01,2023-12-31,2023-01-05,4892.576171875,4966.75,74.173828125
2023,2023-01-01,2023-12-31,2023-01-06,4856.26953125,4855.47998046875,0.78955078125
2023,2023-01-01,2023-12-31,2023-01-09,4851.69384765625,4855.47998046875,3.7861328125
2023,2023-01-01,2023-12-31,2023-01-10,4869.498046875,4787.60009765625,81.89794921875
2023,2023-01-01,2023-12-31,2023-01-11,4857.40869140625,4733.10009765625,124.30859375
2023,2023-01-01,2023-12-31,2023-01-12,4870.6142578125,4685.0400390625,185.57421875
2023,2023-01-01,2023-12-31,2023-01-13,4849.03076171875,4688.68017578125,160.3505859375
2023,2023-01-01,2023-12-31,2023-01-16,4852.89111328125,4681.81005859375,171.0810546875
2023,2023-01-01,2023-12-31,2023-01-17,4849.900390625,4734.2998046875,115.6005859375
2023,2023-01-01,2023-12-31,2023-01-18,4852.76171875,4696.89990234375,155.86181640625
2023,2023-01-01,2023-12-31,2023-01-19,4864.87060546875,4669.97998046875,194.890625
2023,2023-01-01,2023-12-31,2023-01-20,4862.42333984375,4585.580078125,276.84326171875
2023,2023-01-01,2023-12-31,2023-01-23,4877.0927734375,4544.5498046875,332.54296875
2023,2023-01-01,2023-12-31,2023-01-24,4841.38330078125,4522.18994140625,319.193359375
2023,2023-01-01,2023-12-31,2023-01-25,4827.5400390625,4538.830078125,288.7099609375
2023,2023-01-01,2023-12-31,2023-01-26,4896.9833984375,4519.0,377.9833984375
2023,2023-01-01,2023-12-31,2023-01-27,4878.978515625,4577.0400390625,301.9384765625
2023,2023-01-01,2023-12-31,2023-01-30,4892.4580078125,4654.89990234375,237.55810546875
2023,2023-01-01,2023-12-31,2023-01-31,4847.8369140625,4670.85986328125,176.97705078125
2023,2023-01-01,2023-12-31,2023-02-01,4872.1416015625,4625.240234375,246.9013671875
2023,2023-01-01,2023-12-31,2023-02-02,4826.8203125,4619.66015625,207.16015625
2023,2023-01-01,2023-12-31,2023-02-03,4868.06103515625,4697.77001953125,170.291015625
2023,2023-01-01,2023-12-31,2023-02-06,4869.1328125,4786.740234375,82.392578125
2023,2023-01-01,2023-12-31,2023-02-07,4886.125,4727.5,158.625
2023,2023-01-01,2023-12-31,2023-02-08,4885.14208984375,4761.02001953125,124.1220703125
2023,2023-01-01,2023-12-31,2023-02-09,4876.8603515625,4736.06005859375,140.80029296875
2023,2023-01-01,2023-12-31,2023-02-10,4843.427734375,4799.669921875,43.7578125
2023,2023-01-01,2023-12-31,2023-02-13,4871.1591796875,4787.75,83.4091796875
2023,2023-01-01,2023-12-31,2023-02-14,4900.6298828125,4797.5400390625,103.08984375
2023,2023-01-01,2023-12-31,2023-02-15,4820.03125,4925.009765625,104.978515625
2023,2023-01-01,2023-12-31,2023-02-16,4826.544921875,4924.1298828125,97.5849609375
2023,2023-01-01,2023-12-31,2023-02-17,4896.78369140625,4906.39990234375,9.6162109375
2023,2023-01-01,2023-12-31,2023-02-20,4866.279296875,4913.740234375,47.4609375
2023,2023-01-01,2023-12-31,2023-02-21,4839.017578125,4959.9501953125,120.9326171875
2023,2023-01-01,2023-12-31,2023-02-22,4851.7373046875,4896.2001953125,44.462890625
2023,2023-01-01,2023-12-31,2023-02-23,4860.70166015625,4857.3798828125,3.32177734375
2023,2023-01-01,2023-12-31,2023-02-24,4833.36181640625,4837.1298828125,3.76806640625
2023,2023-01-01,2023-12-31,2023-02-27,4806.83642578125,4761.75,45.08642578125
2023,2023-01-01,2023-12-31,2023-02-28,4863.34375,4862.66015625,0.68359375
2023,2023-01-01,2023-12-31,2023-03-01,4895.0947265625,4832.35009765625,62.74462890625
2023,2023-01-01,2023-12-31,2023-03-02,4775.779296875,4806.58984375,30.810546875
2023,2023-01-01,2023-12-31,2023-03-03,4857.0830078125,4784.419921875,72.6630859375
2023,2023-01-01,2023-12-31,2023-03-06,4844.65966796875,4704.9599609375,139.69970703125
2023,2023-01-01,2023-12-31,2023-03-07,4839.44775390625,4767.740234375,71.70751953125
2023,2023-01-01,2023-12-31,2023-03-08,4874.751953125,4777.66015625,97.091796875
2023,2023-01-01,2023-12-31,2023-03-09,4942.73681640625,4777.66015625,165.07666015625
2023,2023-01-01,2023-12-31,2023-03-10,4859.8349609375,4713.4501953125,146.384765625
2023,2023-01-01,2023-12-31,2023-03-13,4844.521484375,4768.169921875,76.3515625
2023,2023-01-01,2023-12-31,2023-03-14,4827.29736328125,4740.7099609375,86.58740234375
2023,2023-01-01,2023-12-31,2023-03-15,4857.572265625,4844.009765625,13.5625
2023,2023-01-01,2023-12-31,2023-03-16,4876.9853515625,4877.0400390625,0.0546875
2023,2023-01-01,2023-12-31,2023-03-17,4879.41015625,4827.25,52.16015625
2023,2023-01-01,2023-12-31,2023-03-20,4837.59375,4827.25,10.34375
2023,2023-01-01,2023-12-31,2023-03-21,4841.05078125,4803.06005859375,37.99072265625
2023,2023-01-01,2023-12-31,2023-03-22,4866.19482421875,4768.0400390625,98.15478515625
2023,2023-01-01,2023-12-31,2023-03-23,4832.7509765625,4742.8798828125,89.87109375
2023,2023-01-01,2023-12-31,2023-03-24,4837.75341796875,4735.7001953125,102.05322265625
2023,2023-01-01,2023-12-31,2023-03-27,4785.41748046875,4687.8701171875,97.54736328125
2023,2023-01-01,2023-12-31,2023-03-28,4844.40234375,4668.47021484375,175.93212890625
2023,2023-01-01,2023-12-31,2023-03-29,4855.13818359375,4614.330078125,240.80810546875
2023,2023-01-01,2023-12-31,2023-03-30,4829.5654296875,4623.08984375,206.4755859375
2023,2023-01-01,2023-12-31,2023-03-31,4855.44091796875,4623.08984375,232.35107421875
2023,2023-01-01,2023-12-31,2023-04-03,4890.7587890625,4604.77001953125,285.98876953125
2023,2023-01-01,2023-12-31,2023-04-04,4868.556640625,4582.35009765625,286.20654296875
2023,2023-01-01,2023-12-31,2023-04-05,4887.08935546875,4568.5498046875,318.53955078125
2023,2023-01-01,2023-12-31,2023-04-06,4879.5615234375,4568.5498046875,311.01171875
2023,2023-01-01,2023-12-31,2023-04-07,4875.330078125,4568.5498046875,306.7802734375
2023,2023-01-01,2023-12-31,2023-04-10,4883.06640625,4556.33984375,326.7265625
2023,2023-01-01,2023-12-31,2023-04-11,4822.048828125,4509.4599609375,312.5888671875
2023,2023-01-01,2023-12-31,2023-04-12,4838.96826171875,4450.4599609375,388.50830078125
2023,2023-01-01,2023-12-31,2023-04-13,4848.42626953125,4418.669921875,429.75634765625
2023,2023-01-01,2023-12-31,2023-04-14,4857.638671875,4414.93017578125,442.70849609375
2023,2023-01-01,2023-12-31,2023-04-17,4870.54443359375,4437.4599609375,433.08447265625
2023,2023-01-01,2023-12-31,2023-04-18,4836.65283203125,4491.3798828125,345.27294921875
2023,2023-01-01,2023-12-31,2023-04-19,4841.2578125,4520.89013671875,320.36767578125
2023,2023-01-01,2023-12-31,2023-04-20,4827.259765625,4537.2998046875,289.9599609375
2023,2023-01-01,2023-12-31,2023-04-21,4862.67626953125,4514.2998046875,348.37646484375
2023,2023-01-01,2023-12-31,2023-04-24,4870.056640625,4482.52001953125,387.53662109375
2023,2023-01-01,2023-12-31,2023-04-25,4864.2724609375,4477.330078125,386.9423828125
2023,2023-01-01,2023-12-31,2023-04-26,4839.4501953125,4534.0,305.4501953125
2023,2023-01-01,2023-12-31,2023-04-27,4844.25830078125,4652.06005859375,192.1982421875
2023,2023-01-01,2023-12-31,2023-04-28,4851.65478515625,4695.27001953125,156.384765625
2023,2023-01-01,2023-12-31,2023-05-01,4834.2978515625,4695.27001953125,139.02783203125
2023,2023-01-01,2023-12-31,2023-05-02,4864.23291015625,4694.14013671875,170.0927734375
2023,2023-01-01,2023-12-31,2023-05-03,4879.572265625,4662.52001953125,217.05224609375
2023,2023-01-01,2023-12-31,2023-05-04,4827.5966796875,4602.97998046875,224.61669921875
2023,2023-01-01,2023-12-31,2023-05-05,4906.2001953125,4524.85986328125,381.34033203125
2023,2023-01-01,2023-12-31,2023-05-08,4871.63916015625,4508.60009765625,363.0390625
2023,2023-01-01,2023-12-31,2023-05-09,4879.3349609375,4556.240234375,323.0947265625
2023,2023-01-01,2023-12-31,2023-05-10,4860.5048828125,4547.330078125,313.1748046875
2023,2023-01-01,2023-12-31,2023-05-11,4867.65673828125,4567.1298828125,300.52685546875
2023,2023-01-01,2023-12-31,2023-05-12,4898.1611328125,4552.89013671875,345.27099609375
2023,2023-01-01,2023-12-31,2023-05-15,4884.58203125,4492.5,392.08203125
2023,2023-01-01,2023-12-31,2023-05-16,4846.35693359375,4526.18017578125,320.1767578125
2023,2023-01-01,2023-12-31,2023-05-17,4861.42578125,4505.75,355.67578125
2023,2023-01-01,2023-12-31,2023-05-18,4849.27197265625,4520.41015625,328.86181640625
2023,2023-01-01,2023-12-31,2023-05-19,4883.3916015625,4531.18994140625,352.20166015625
2023,2023-01-01,2023-12-31,2023-05-22,4879.2783203125,4531.18994140625,348.08837890625
2023,2023-01-01,2023-12-31,2023-05-23,4827.61865234375,4478.25,349.36865234375
2023,2023-01-01,2023-12-31,2023-05-24,4827.220703125,4447.97998046875,379.24072265625
2023,2023-01-01,2023-12-31,2023-05-25,4813.06396484375,4489.1298828125,323.93408203125
2023,2023-01-01,2023-12-31,2023-05-26,4885.35498046875,4445.77001953125,439.5849609375
2023,2023-01-01,2023-12-31,2023-05-29,4926.361328125,4431.25,495.111328125
2023,2023-01-01,2023-12-31,2023-05-30,4856.5556640625,4392.75,463.8056640625
2023,2023-01-01,2023-12-31,2023-05-31,4855.33056640625,4451.10986328125,404.220703125
2023,2023-01-01,2023-12-31,2023-06-01,4873.8583984375,4396.8798828125,476.978515625
2023,2023-01-01,2023-12-31,2023-06-02,4885.22314453125,4349.60009765625,535.623046875
2023,2023-01-01,2023-12-31,2023-06-05,4858.23828125,4281.14990234375,577.08837890625
2023,2023-01-01,2023-12-31,2023-06-06,4826.96728515625,4228.0,598.96728515625
2023,2023-01-01,2023-12-31,2023-06-07,4842.87060546875,4209.5400390625,633.33056640625
2023,2023-01-01,2023-12-31,2023-06-08,4875.98779296875,4170.580078125,705.40771484375
2023,2023-01-01,2023-12-31,2023-06-09,4881.0546875,4170.080078125,710.974609375
2023,2023-01-01,2023-12-31,2023-06-12,4837.6396484375,4170.080078125,667.5595703125
2023,2023-01-01,2023-12-31,2023-06-13,4859.5390625,4195.0498046875,664.4892578125
2023,2023-01-01,2023-12-31,2023-06-14,4849.5126953125,4172.509765625,677.0029296875
2023,2023-01-01,2023-12-31,2023-06-15,4887.5546875,4153.35986328125,734.19482421875
2023,2023-01-01,2023-12-31,2023-06-16,4851.91845703125,4162.25,689.66845703125
2023,2023-01-01,2023-12-31,2023-06-19,4837.00634765625,4162.25,674.75634765625
2023,2023-01-01,2023-12-31,2023-06-20,4922.62744140625,4161.10986328125,761.517578125
2023,2023-01-01,2023-12-31,2023-06-21,4872.72412109375,4146.47998046875,726.244140625
2023,2023-01-01,2023-12-31,2023-06-22,4909.17236328125,4101.4501953125,807.72216796875
2023,2023-01-01,2023-12-31,2023-06-23,4850.1005859375,4187.47998046875,662.62060546875
2023,2023-01-01,2023-12-31,2023-06-26,4872.4375,4172.81982421875,699.61767578125
2023,2023-01-01,2023-12-31,2023-06-27,4840.6630859375,4170.0,670.6630859375
2023,2023-01-01,2023-12-31,2023-06-28,4821.75341796875,4146.60009765625,675.1533203125
2023,2023-01-01,2023-12-31,2023-06-29,4855.93359375,4166.009765625,689.923828125
2023,2023-01-01,2023-12-31,2023-06-30,4860.2578125,4171.7001953125,688.5576171875
2023,2023-01-01,2023-12-31,2023-07-03,4866.27685546875,4171.7001953125,694.57666015625
2023,2023-01-01,2023-12-31,2023-07-04,4867.25244140625,4140.0,727.25244140625
2023,2023-01-01,2023-12-31,2023-07-05,4874.37353515625,4137.6298828125,736.74365234375
2023,2023-01-01,2023-12-31,2023-07-06,4861.30322265625,4188.39013671875,672.9130859375
2023,2023-01-01,2023-12-31,2023-07-07,4855.69580078125,4155.0,700.69580078125
2023,2023-01-01,2023-12-31,2023-07-10,4891.99853515625,4163.0,728.99853515625
2023,2023-01-01,2023-12-31,2023-07-11,4901.1435546875,4183.6201171875,717.5234375
2023,2023-01-01,2023-12-31,2023-07-12,4836.18017578125,4127.81982421875,708.3603515625
2023,2023-01-01,2023-12-31,2023-07-13,4849.81689453125,4096.169921875,753.64697265625
2023,2023-01-01,2023-12-31,2023-07-14,4898.52685546875,4071.52001953125,827.0068359375
2023,2023-01-01,2023-12-31,2023-07-17,4899.28759765625,4039.110107421875,860.177490234375
2023,2023-01-01,2023-12-31,2023-07-18,4881.1806640625,3996.449951171875,884.730712890625
2023,2023-01-01,2023-12-31,2023-07-19,4852.61181640625,3977.0,875.61181640625
2023,2023-01-01,2023-12-31,2023-07-20,4827.6513671875,3977.0,850.6513671875
2023,2023-01-01,2023-12-31,2023-07-21,4852.6943359375,3955.199951171875,897.494384765625
2023,2023-01-01,2023-12-31,2023-07-24,4844.6533203125,3949.300048828125,895.353271484375
2023,2023-01-01,2023-12-31,2023-07-25,4850.064453125,3959.360107421875,890.704345703125
2023,2023-01-01,2023-12-31,2023-07-26,4857.796875,3943.949951171875,913.846923828125
2023,2023-01-01,2023-12-31,2023-07-27,4850.7216796875,3934.64990234375,916.07177734375
2023,2023-01-01,2023-12-31,2023-07-28,4825.45556640625,3916.0,909.45556640625
2023,2023-01-01,2023-12-31,2023-07-31,4883.91845703125,3891.199951171875,992.718505859375
2023,2023-01-01,2023-12-31,2023-08-01,4848.7197265625,3955.840087890625,892.879638671875
2023,2023-01-01,2023-12-31,2023-08-02,4895.0830078125,4057.050048828125,838.032958984375
2023,2023-01-01,2023-12-31,2023-08-03,4813.466796875,4156.25,657.216796875
2023,2023-01-01,2023-12-31,2023-08-04,4842.671875,4065.52001953125,777.15185546875
2023,2023-01-01,2023-12-31,2023-08-07,4823.15673828125,4065.52001953125,757.63671875
2023,2023-01-01,2023-12-31,2023-08-08,4809.3408203125,4078.52001953125,730.82080078125
2023,2023-01-01,2023-12-31,2023-08-09,4931.9248046875,4016.22998046875,915.69482421875
2023,2023-01-01,2023-12-31,2023-08-10,4862.560546875,3951.97998046875,910.58056640625
2023,2023-01-01,2023-12-31,2023-08-11,4825.27880859375,3968.8798828125,856.39892578125
2023,2023-01-01,2023-12-31,2023-08-14,4926.8291015625,4035.10009765625,891.72900390625
2023,2023-01-01,2023-12-31,2023-08-15,4823.1884765625,4087.6298828125,735.55859375
2023,2023-01-01,2023-12-31,2023-08-16,4858.73974609375,4131.47998046875,727.259765625
2023,2023-01-01,2023-12-31,2023-08-17,4850.6484375,4100.2099609375,750.4384765625
2023,2023-01-01,2023-12-31,2023-08-18,4899.232421875,4130.83984375,768.392578125
2023,2023-01-01,2023-12-31,2023-08-21,4868.9453125,4130.83984375,738.10546875
2023,2023-01-01,2023-12-31,2023-08-22,4887.9248046875,4110.3798828125,777.544921875
2023,2023-01-01,2023-12-31,2023-08-23,4810.986328125,4085.22998046875,725.75634765625
2023,2023-01-01,2023-12-31,2023-08-24,4867.4892578125,4087.97998046875,779.50927734375
2023,2023-01-01,2023-12-31,2023-08-25,4894.0947265625,4127.580078125,766.5146484375
2023,2023-01-01,2023-12-31,2023-08-28,4868.400390625,4110.8798828125,757.5205078125
2023,2023-01-01,2023-12-31,2023-08-29,4846.30908203125,4099.8701171875,746.43896484375
2023,2023-01-01,2023-12-31,2023-08-30,4889.8359375,4091.72998046875,798.10595703125
2023,2023-01-01,2023-12-31,2023-08-31,4873.724609375,4095.81005859375,777.91455078125
2023,2023-01-01,2023-12-31,2023-09-01,4855.98779296875,4064.0,791.98779296875
2023,2023-01-01,2023-12-31,2023-09-04,4872.181640625,4052.75,819.431640625
2023,2023-01-01,2023-12-31,2023-09-05,4831.7158203125,4084.0,747.7158203125
2023,2023-01-01,2023-12-31,2023-09-06,4811.63623046875,4074.39990234375,737.236328125
2023,2023-01-01,2023-12-31,2023-09-07,4867.39453125,4038.929931640625,828.464599609375
2023,2023-01-01,2023-12-31,2023-09-08,4870.78271484375,4023.5,847.28271484375
2023,2023-01-01,2023-12-31,2023-09-11,4874.68701171875,3989.610107421875,885.076904296875
2023,2023-01-01,2023-12-31,2023-09-12,4879.19873046875,3983.739990234375,895.458740234375
2023,2023-01-01,2023-12-31,2023-09-13,4910.0771484375,3950.22998046875,959.84716796875
2023,2023-01-01,2023-12-31,2023-09-14,4857.576171875,3920.5400390625,937.0361328125
2023,2023-01-01,2023-12-31,2023-09-15,4868.64892578125,3924.169921875,944.47900390625
2023,2023-01-01,2023-12-31,2023-09-18,4834.9853515625,3926.35009765625,908.63525390625
2023,2023-01-01,2023-12-31,2023-09-19,4821.5283203125,3911.239990234375,910.288330078125
2023,2023-01-01,2023-12-31,2023-09-20,4866.01123046875,3916.77001953125,949.2412109375
2023,2023-01-01,2023-12-31,2023-09-21,4854.716796875,3924.0,930.716796875
2023,2023-01-01,2023-12-31,2023-09-22,4848.93115234375,3978.840087890625,870.091064453125
2023,2023-01-01,2023-12-31,2023-09-25,4871.83154296875,4052.080078125,819.75146484375
2023,2023-01-01,2023-12-31,2023-09-26,4845.58837890625,4064.199951171875,781.388427734375
2023,2023-01-01,2023-12-31,2023-09-27,4837.97216796875,4093.75,744.22216796875
2023,2023-01-01,2023-12-31,2023-09-28,4854.708984375,4075.77001953125,778.93896484375
2023,2023-01-01,2023-12-31,2023-09-29,4884.228515625,4067.8798828125,816.3486328125
2023,2023-01-01,2023-12-31,2023-10-02,4869.8564453125,4158.75,711.1064453125
2023,2023-01-01,2023-12-31,2023-10-03,4889.666015625,4217.5,672.166015625
2023,2023-01-01,2023-12-31,2023-10-04,4849.2685546875,4264.25,585.0185546875
2023,2023-01-01,2023-12-31,2023-10-05,4880.1494140625,4349.5,530.6494140625
2023,2023-01-01,2023-12-31,2023-10-06,4846.70849609375,4339.39990234375,507.30859375
2023,2023-01-01,2023-12-31,2023-10-09,4873.7177734375,4317.60009765625,556.11767578125
2023,2023-01-01,2023-12-31,2023-10-10,4872.6015625,4229.43994140625,643.16162109375
2023,2023-01-01,2023-12-31,2023-10-11,4794.16259765625,4229.66015625,564.50244140625
2023,2023-01-01,2023-12-31,2023-10-12,4832.7509765625,4224.77001953125,607.98095703125
2023,2023-01-01,2023-12-31,2023-10-13,4891.25537109375,4237.16015625,654.09521484375
2023,2023-01-01,2023-12-31,2023-10-16,4876.78857421875,4237.16015625,639.62841796875
2023,2023-01-01,2023-12-31,2023-10-17,4868.17529296875,4192.0,676.17529296875
2023,2023-01-01,2023-12-31,2023-10-18,4828.68359375,4236.7001953125,591.9833984375
2023,2023-01-01,2023-12-31,2023-10-19,4871.19287109375,4229.77978515625,641.4130859375
2023,2023-01-01,2023-12-31,2023-10-20,4841.3623046875,4225.27978515625,616.08251953125
2023,2023-01-01,2023-12-31,2023-10-23,4835.5849609375,4225.02978515625,610.55517578125
2023,2023-01-01,2023-12-31,2023-10-24,4801.73291015625,4217.31005859375,584.4228515625
2023,2023-01-01,2023-12-31,2023-10-25,4876.55810546875,4195.27978515625,681.2783203125
2023,2023-01-01,2023-12-31,2023-10-26,4815.78173828125,4128.66015625,687.12158203125
2023,2023-01-01,2023-12-31,2023-10-27,4866.8955078125,4108.2900390625,758.60546875
2023,2023-01-01,2023-12-31,2023-10-30,4855.39111328125,4066.0400390625,789.35107421875
2023,2023-01-01,2023-12-31,2023-10-31,4859.40771484375,4119.25,740.15771484375
2023,2023-01-01,2023-12-31,2023-11-01,4873.1220703125,4105.5400390625,767.58203125
2023,2023-01-01,2023-12-31,2023-11-02,4879.21923828125,4046.5,832.71923828125
2023,2023-01-01,2023-12-31,2023-11-03,4852.486328125,3977.3798828125,875.1064453125
2023,2023-01-01,2023-12-31,2023-11-06,4877.32958984375,3977.3798828125,899.94970703125
2023,2023-01-01,2023-12-31,2023-11-07,4854.861328125,4014.47998046875,840.38134765625
2023,2023-01-01,2023-12-31,2023-11-08,4831.6220703125,4080.5,751.1220703125
2023,2023-01-01,2023-12-31,2023-11-09,4855.34521484375,4025.68994140625,829.6552734375
2023,2023-01-01,2023-12-31,2023-11-10,4882.068359375,4035.0,847.068359375
2023,2023-01-01,2023-12-31,2023-11-13,4849.20849609375,4035.0,814.20849609375
2023,2023-01-01,2023-12-31,2023-11-14,4872.5830078125,3968.75,903.8330078125
2023,2023-01-01,2023-12-31,2023-11-15,4873.9453125,4022.5,851.4453125
2023,2023-01-01,2023-12-31,2023-11-16,4840.7880859375,4091.27001953125,749.51806640625
2023,2023-01-01,2023-12-31,2023-11-17,4881.6923828125,4092.47998046875,789.21240234375
2023,2023-01-01,2023-12-31,2023-11-20,4871.357421875,4036.139892578125,835.217529296875
2023,2023-01-01,2023-12-31,2023-11-21,4856.4150390625,4072.5,783.9150390625
2023,2023-01-01,2023-12-31,2023-11-22,4845.67333984375,4070.25,775.42333984375
2023,2023-01-01,2023-12-31,2023-11-23,4855.3271484375,4067.35009765625,787.97705078125
2023,2023-01-01,2023-12-31,2023-11-24,4868.62939453125,4039.6201171875,829.00927734375
2023,2023-01-01,2023-12-31,2023-11-27,4878.38037109375,3976.93994140625,901.4404296875
2023,2023-01-01,2023-12-31,2023-11-28,4840.337890625,3953.97998046875,886.35791015625
2023,2023-01-01,2023-12-31,2023-11-29,4844.86474609375,3992.320068359375,852.544677734375
2023,2023-01-01,2023-12-31,2023-11-30,4855.13427734375,4035.47998046875,819.654296875
2023,2023-01-01,2023-12-31,2023-12-01,4842.8486328125,3967.85009765625,874.99853515625
2023,2023-01-01,2023-12-31,2023-12-04,4839.5693359375,4017.719970703125,821.849365234375
2023,2023-01-01,2023-12-31,2023-12-05,4846.99658203125,3998.199951171875,848.796630859375
2023,2023-01-01,2023-12-31,2023-12-06,4831.28662109375,4000.39990234375,830.88671875
2023,2023-01-01,2023-12-31,2023-12-07,4895.57666015625,3991.3798828125,904.19677734375
2023,2023-01-01,2023-12-31,2023-12-08,4894.86865234375,3991.3798828125,903.48876953125
2023,2023-01-01,2023-12-31,2023-12-11,4858.21337890625,3985.75,872.46337890625
2023,2023-01-01,2023-12-31,2023-12-12,4817.47509765625,3996.18994140625,821.28515625
2023,2023-01-01,2023-12-31,2023-12-13,4868.8505859375,3998.52001953125,870.33056640625
2023,2023-01-01,2023-12-31,2023-12-14,4837.2177734375,3967.0,870.2177734375
2023,2023-01-01,2023-12-31,2023-12-15,4862.85009765625,3938.0,924.85009765625
2023,2023-01-01,2023-12-31,2023-12-18,4850.93310546875,3935.5,915.43310546875
2023,2023-01-01,2023-12-31,2023-12-19,4863.43359375,3935.25,928.18359375
2023,2023-01-01,2023-12-31,2023-12-20,4863.85791015625,3941.6201171875,922.23779296875
2023,2023-01-01,2023-12-31,2023-12-21,4874.91748046875,3948.239990234375,926.677490234375
2023,2023-01-01,2023-12-31,2023-12-22,4868.57861328125,3905.590087890625,962.988525390625
2023,2023-01-01,2023-12-31,2023-12-25,4908.8525390625,3905.590087890625,1003.262451171875
2023,2023-01-01,2023-12-31,2023-12-26,4862.77197265625,3858.449951171875,1004.322021484375
2023,2023-01-01,2023-12-31,2023-12-27,4807.14453125,3829.260009765625,977.884521484375
2023,2023-01-01,2023-12-31,2023-12-28,4839.8671875,3854.919921875,984.947265625
2023,2023-01-01,2023-12-31,2023-12-29,4865.2177734375,3854.919921875,1010.2978515625
2024,2024-01-01,2024-12-31,2024-01-01,4001.36865234375,3854.919921875,146.44873046875
2024,2024-01-01,2024-12-31,2024-01-02,4003.99072265625,3881.5,122.49072265625
2024,2024-01-01,2024-12-31,2024-01-03,3983.70166015625,3920.3798828125,63.32177734375
2024,2024-01-01,2024-12-31,2024-01-04,3982.414306640625,3933.5,48.914306640625
2024,2024-01-01,2024-12-31,2024-01-05,3981.175537109375,3877.5400390625,103.635498046875
2024,2024-01-01,2024-12-31,2024-01-08,4040.072998046875,3877.5400390625,162.532958984375
2024,2024-01-01,2024-12-31,2024-01-09,3973.0166015625,3939.31005859375,33.70654296875
2024,2024-01-01,2024-12-31,2024-01-10,4004.338134765625,3941.25,63.088134765625
2024,2024-01-01,2024-12-31,2024-01-11,4003.454833984375,3924.72998046875,78.724853515625
2024,2024-01-01,2024-12-31,2024-01-12,4028.614013671875,3912.530029296875,116.083984375
2024,2024-01-01,2024-12-31,2024-01-15,4032.158935546875,3906.25,125.908935546875
2024,2024-01-01,2024-12-31,2024-01-16,4010.6201171875,3942.68994140625,67.93017578125
2024,2024-01-01,2024-12-31,2024-01-17,4000.94384765625,3966.110107421875,34.833740234375
2024,2024-01-01,2024-12-31,2024-01-18,3992.157958984375,3918.320068359375,73.837890625
2024,2024-01-01,2024-12-31,2024-01-19,3975.659912109375,3910.639892578125,65.02001953125
2024,2024-01-01,2024-12-31,2024-01-22,4008.06787109375,3901.3798828125,106.68798828125
2024,2024-01-01,2024-12-31,2024-01-23,3982.73828125,3953.31005859375,29.42822265625
2024,2024-01-01,2024-12-31,2024-01-24,4032.165771484375,3917.1298828125,115.035888671875
2024,2024-01-01,2024-12-31,2024-01-25,4022.5029296875,3941.179931640625,81.322998046875
2024,2024-01-01,2024-12-31,2024-01-26,4002.557861328125,3912.60009765625,89.957763671875
2024,2024-01-01,2024-12-31,2024-01-29,4002.63427734375,3930.0,72.63427734375
2024,2024-01-01,2024-12-31,2024-01-30,3988.3837890625,3915.0,73.3837890625
2024,2024-01-01,2024-12-31,2024-01-31,4019.794677734375,3914.89990234375,104.894775390625
2024,2024-01-01,2024-12-31,2024-02-01,4000.54541015625,3888.25,112.29541015625
2024,2024-01-01,2024-12-31,2024-02-02,4005.269287109375,3935.800048828125,69.46923828125
2024,2024-01-01,2024-12-31,2024-02-05,4031.298095703125,3966.590087890625,64.7080078125
2024,2024-01-01,2024-12-31,2024-02-06,4004.778076171875,3953.5,51.278076171875
2024,2024-01-01,2024-12-31,2024-02-07,4000.18505859375,3958.389892578125,41.795166015625
2024,2024-01-01,2024-12-31,2024-02-08,4004.170654296875,3948.510009765625,55.66064453125
2024,2024-01-01,2024-12-31,2024-02-09,3991.25537109375,3922.340087890625,68.915283203125
2024,2024-01-01,2024-12-31,2024-02-12,3986.51904296875,3915.389892578125,71.129150390625
2024,2024-01-01,2024-12-31,2024-02-13,4014.4970703125,3925.199951171875,89.297119140625
2024,2024-01-01,2024-12-31,2024-02-14,3994.072021484375,3917.5,76.572021484375
2024,2024-01-01,2024-12-31,2024-02-15,3998.7001953125,3909.5,89.2001953125
2024,2024-01-01,2024-12-31,2024-02-16,4038.423583984375,3908.5400390625,129.883544921875
2024,2024-01-01,2024-12-31,2024-02-19,4015.294921875,3912.699951171875,102.594970703125
2024,2024-01-01,2024-12-31,2024-02-20,4055.28076171875,3921.89990234375,133.380859375
2024,2024-01-01,2024-12-31,2024-02-21,4059.322021484375,3925.47998046875,133.842041015625
2024,2024-01-01,2024-12-31,2024-02-22,4032.385009765625,3929.02001953125,103.364990234375
2024,2024-01-01,2024-12-31,2024-02-23,4028.85302734375,3964.070068359375,64.782958984375
2024,2024-01-01,2024-12-31,2024-02-26,4022.03857421875,3958.8701171875,63.16845703125
2024,2024-01-01,2024-12-31,2024-02-27,4006.9892578125,3933.0400390625,73.94921875
2024,2024-01-01,2024-12-31,2024-02-28,4024.15380859375,3925.0,99.15380859375
2024,2024-01-01,2024-12-31,2024-02-29,3985.085693359375,3925.760009765625,59.32568359375
2024,2024-01-01,2024-12-31,2024-03-01,3996.90185546875,3947.610107421875,49.291748046875
2024,2024-01-01,2024-12-31,2024-03-04,4006.1416015625,3941.9599609375,64.181640625
2024,2024-01-01,2024-12-31,2024-03-05,3974.578125,3945.02001953125,29.55810546875
2024,2024-01-01,2024-12-31,2024-03-06,3981.409423828125,3921.27001953125,60.139404296875
2024,2024-01-01,2024-12-31,2024-03-07,3959.413330078125,3916.699951171875,42.71337890625
2024,2024-01-01,2024-12-31,2024-03-08,4033.48876953125,3901.75,131.73876953125
2024,2024-01-01,2024-12-31,2024-03-11,3976.30615234375,3915.110107421875,61.196044921875
2024,2024-01-01,2024-12-31,2024-03-12,4030.545654296875,3924.3798828125,106.165771484375
2024,2024-01-01,2024-12-31,2024-03-13,4001.216552734375,3904.330078125,96.886474609375
2024,2024-01-01,2024-12-31,2024-03-14,3983.18017578125,3893.81005859375,89.3701171875
2024,2024-01-01,2024-12-31,2024-03-15,4014.02392578125,3882.889892578125,131.134033203125
2024,2024-01-01,2024-12-31,2024-03-18,4000.9169921875,3896.5,104.4169921875
2024,2024-01-01,2024-12-31,2024-03-19,4013.93310546875,3879.699951171875,134.233154296875
2024,2024-01-01,2024-12-31,2024-03-20,4005.043701171875,3893.72998046875,111.313720703125
2024,2024-01-01,2024-12-31,2024-03-21,4007.322509765625,3902.02001953125,105.302490234375
2024,2024-01-01,2024-12-31,2024-03-22,4009.504150390625,3894.43994140625,115.064208984375
2024,2024-01-01,2024-12-31,2024-03-25,4042.33984375,3894.43994140625,147.89990234375
2024,2024-01-01,2024-12-31,2024-03-26,4045.658203125,3856.8798828125,188.7783203125
2024,2024-01-01,2024-12-31,2024-03-27,4013.97021484375,3852.31005859375,161.66015625
2024,2024-01-01,2024-12-31,2024-03-28,3990.87255859375,3852.31005859375,138.5625
2024,2024-01-01,2024-12-31,2024-03-29,3984.247802734375,3852.31005859375,131.937744140625
2024,2024-01-01,2024-12-31,2024-04-01,4014.373046875,3864.22998046875,150.14306640625
2024,2024-01-01,2024-12-31,2024-04-02,4011.9248046875,3829.72998046875,182.19482421875
2024,2024-01-01,2024-12-31,2024-04-03,3951.1005859375,3813.0,138.1005859375
2024,2024-01-01,2024-12-31,2024-04-04,4058.784423828125,3767.949951171875,290.83447265625
2024,2024-01-01,2024-12-31,2024-04-05,4010.149658203125,3766.050048828125,244.099609375
2024,2024-01-01,2024-12-31,2024-04-08,3989.763671875,3770.010009765625,219.753662109375
2024,2024-01-01,2024-12-31,2024-04-09,3994.560791015625,3773.989990234375,220.57080078125
2024,2024-01-01,2024-12-31,2024-04-10,3994.704345703125,3810.85009765625,183.854248046875
2024,2024-01-01,2024-12-31,2024-04-11,4060.45263671875,3827.469970703125,232.982666015625
2024,2024-01-01,2024-12-31,2024-04-12,4026.654541015625,3861.60009765625,165.054443359375
2024,2024-01-01,2024-12-31,2024-04-15,3998.285888671875,3902.360107421875,95.92578125
2024,2024-01-01,2024-12-31,2024-04-16,4013.37060546875,3917.050048828125,96.320556640625
2024,2024-01-01,2024-12-31,2024-04-17,4025.233154296875,3901.72998046875,123.503173828125
2024,2024-01-01,2024-12-31,2024-04-18,4017.8369140625,3938.199951171875,79.636962890625
2024,2024-01-01,2024-12-31,2024-04-19,4031.425537109375,3910.340087890625,121.08544921875
2024,2024-01-01,2024-12-31,2024-04-22,4007.6279296875,3915.840087890625,91.787841796875
2024,2024-01-01,2024-12-31,2024-04-23,4023.1083984375,3909.3798828125,113.728515625
2024,2024-01-01,2024-12-31,2024-04-24,4008.13818359375,3939.2099609375,68.92822265625
2024,2024-01-01,2024-12-31,2024-04-25,4013.2578125,3955.52001953125,57.73779296875
2024,2024-01-01,2024-12-31,2024-04-26,3970.218505859375,3902.89990234375,67.318603515625
2024,2024-01-01,2024-12-31,2024-04-29,4000.946533203125,3866.39990234375,134.546630859375
2024,2024-01-01,2024-12-31,2024-04-30,4014.50732421875,3919.570068359375,94.937255859375
2024,2024-01-01,2024-12-31,2024-05-01,3973.837646484375,3919.570068359375,54.267578125
2024,2024-01-01,2024-12-31,2024-05-02,4025.4716796875,3905.050048828125,120.421630859375
2024,2024-01-01,2024-12-31,2024-05-03,4006.17578125,3913.25,92.92578125
2024,2024-01-01,2024-12-31,2024-05-06,3990.19140625,3896.050048828125,94.141357421875
2024,2024-01-01,2024-12-31,2024-05-07,4004.085205078125,3887.56005859375,116.525146484375
2024,2024-01-01,2024-12-31,2024-05-08,4010.098388671875,3899.260009765625,110.83837890625
2024,2024-01-01,2024-12-31,2024-05-09,4010.30126953125,3898.75,111.55126953125
2024,2024-01-01,2024-12-31,2024-05-10,4031.15869140625,3889.2099609375,141.94873046875
2024,2024-01-01,2024-12-31,2024-05-13,3967.062744140625,3889.2099609375,77.852783203125
2024,2024-01-01,2024-12-31,2024-05-14,3992.076171875,3847.0,145.076171875
2024,2024-01-01,2024-12-31,2024-05-15,3970.722900390625,3823.169921875,147.552978515625
2024,2024-01-01,2024-12-31,2024-05-16,4008.074462890625,3829.75,178.324462890625
2024,2024-01-01,2024-12-31,2024-05-17,4010.910400390625,3829.429931640625,181.48046875
2024,2024-01-01,2024-12-31,2024-05-20,3993.349853515625,3817.919921875,175.429931640625
2024,2024-01-01,2024-12-31,2024-05-21,3987.89794921875,3814.14990234375,173.748046875
2024,2024-01-01,2024-12-31,2024-05-22,3995.02392578125,3827.9599609375,167.06396484375
2024,2024-01-01,2024-12-31,2024-05-23,3985.42724609375,3866.93994140625,118.4873046875
2024,2024-01-01,2024-12-31,2024-05-24,3994.998291015625,3874.830078125,120.168212890625
2024,2024-01-01,2024-12-31,2024-05-27,3969.5546875,3874.39990234375,95.15478515625
2024,2024-01-01,2024-12-31,2024-05-28,3998.46435546875,3846.530029296875,151.934326171875
2024,2024-01-01,2024-12-31,2024-05-29,3981.780517578125,3875.0,106.780517578125
2024,2024-01-01,2024-12-31,2024-05-30,4015.94677734375,3868.909912109375,147.036865234375
2024,2024-01-01,2024-12-31,2024-05-31,3983.739501953125,3867.0400390625,116.699462890625
2024,2024-01-01,2024-12-31,2024-06-03,4036.020263671875,3867.0400390625,168.980224609375
2024,2024-01-01,2024-12-31,2024-06-04,3981.985107421875,3936.570068359375,45.4150390625
2024,2024-01-01,2024-12-31,2024-06-05,4012.96875,3935.27001953125,77.69873046875
2024,2024-01-01,2024-12-31,2024-06-06,3995.831298828125,3937.610107421875,58.22119140625
2024,2024-01-01,2024-12-31,2024-06-07,4008.347900390625,3934.5,73.847900390625
2024,2024-01-01,2024-12-31,2024-06-10,4006.4130859375,3934.5,71.9130859375
2024,2024-01-01,2024-12-31,2024-06-11,3964.145263671875,3985.31005859375,21.164794921875
2024,2024-01-01,2024-12-31,2024-06-12,3992.313720703125,4027.610107421875,35.29638671875
2024,2024-01-01,2024-12-31,2024-06-13,3990.951171875,4147.8798828125,156.9287109375
2024,2024-01-01,2024-12-31,2024-06-14,4009.692626953125,4139.43994140625,129.747314453125
2024,2024-01-01,2024-12-31,2024-06-17,4027.552490234375,4130.580078125,103.027587890625
2024,2024-01-01,2024-12-31,2024-06-18,4010.787109375,4137.0,126.212890625
2024,2024-01-01,2024-12-31,2024-06-19,4026.306884765625,4160.85009765625,134.543212890625
2024,2024-01-01,2024-12-31,2024-06-20,4011.26416015625,4172.91015625,161.64599609375
2024,2024-01-01,2024-12-31,2024-06-21,3999.74609375,4145.990234375,146.244140625
2024,2024-01-01,2024-12-31,2024-06-24,4067.088623046875,4091.169921875,24.081298828125
2024,2024-01-01,2024-12-31,2024-06-25,3963.14306640625,4099.330078125,136.18701171875
2024,2024-01-01,2024-12-31,2024-06-26,4016.77197265625,4136.72021484375,119.9482421875
2024,2024-01-01,2024-12-31,2024-06-27,4017.534423828125,4167.97998046875,150.445556640625
2024,2024-01-01,2024-12-31,2024-06-28,4011.80029296875,4153.080078125,141.27978515625
2024,2024-01-01,2024-12-31,2024-07-01,4030.968994140625,4153.080078125,122.111083984375
2024,2024-01-01,2024-12-31,2024-07-02,3999.6884765625,4128.60986328125,128.92138671875
2024,2024-01-01,2024-12-31,2024-07-03,3992.35498046875,4102.33984375,109.98486328125
2024,2024-01-01,2024-12-31,2024-07-04,3963.923828125,4097.3798828125,133.4560546875
2024,2024-01-01,2024-12-31,2024-07-05,3982.02685546875,4087.409912109375,105.383056640625
2024,2024-01-01,2024-12-31,2024-07-08,4010.25,4048.0400390625,37.7900390625
2024,2024-01-01,2024-12-31,2024-07-09,4017.45166015625,4016.030029296875,1.421630859375
2024,2024-01-01,2024-12-31,2024-07-10,4025.31884765625,3969.919921875,55.39892578125
2024,2024-01-01,2024-12-31,2024-07-11,3989.36669921875,3978.39990234375,10.966796875
2024,2024-01-01,2024-12-31,2024-07-12,4007.55224609375,3922.10009765625,85.4521484375
2024,2024-01-01,2024-12-31,2024-07-15,4001.8369140625,3947.7900390625,54.046875
2024,2024-01-01,2024-12-31,2024-07-16,3981.566162109375,3982.4599609375,0.893798828125
2024,2024-01-01,2024-12-31,2024-07-17,3978.01171875,4002.7099609375,24.6982421875
2024,2024-01-01,2024-12-31,2024-07-18,4018.947509765625,4044.659912109375,25.71240234375
2024,2024-01-01,2024-12-31,2024-07-19,4058.26611328125,4037.56005859375,20.7060546875
2024,2024-01-01,2024-12-31,2024-07-22,4001.974853515625,3995.68994140625,6.284912109375
2024,2024-01-01,2024-12-31,2024-07-23,4016.107421875,4010.929931640625,5.177490234375
2024,2024-01-01,2024-12-31,2024-07-24,4040.797607421875,4042.72998046875,1.932373046875
2024,2024-01-01,2024-12-31,2024-07-25,4016.1640625,4031.75,15.5859375
2024,2024-01-01,2024-12-31,2024-07-26,4007.574462890625,4024.06005859375,16.485595703125
2024,2024-01-01,2024-12-31,2024-07-29,4023.55712890625,4065.919921875,42.36279296875
2024,2024-01-01,2024-12-31,2024-07-30,3965.08837890625,4084.929931640625,119.841552734375
2024,2024-01-01,2024-12-31,2024-07-31,3980.569091796875,4063.89990234375,83.330810546875
2024,2024-01-01,2024-12-31,2024-08-01,4022.501953125,4087.659912109375,65.157958984375
2024,2024-01-01,2024-12-31,2024-08-02,3981.81884765625,4132.0,150.18115234375
2024,2024-01-01,2024-12-31,2024-08-05,4035.561279296875,4156.5,120.938720703125
2024,2024-01-01,2024-12-31,2024-08-06,3999.09521484375,4139.52001953125,140.4248046875
2024,2024-01-01,2024-12-31,2024-08-07,3963.1982421875,4139.52001953125,176.32177734375
2024,2024-01-01,2024-12-31,2024-08-08,4015.187255859375,4073.0,57.812744140625
2024,2024-01-01,2024-12-31,2024-08-09,4010.76171875,4072.090087890625,61.328369140625
2024,2024-01-01,2024-12-31,2024-08-12,3993.215087890625,4055.280029296875,62.06494140625
2024,2024-01-01,2024-12-31,2024-08-13,4019.92529296875,4032.409912109375,12.484619140625
2024,2024-01-01,2024-12-31,2024-08-14,3986.6181640625,4019.6298828125,33.01171875
2024,2024-01-01,2024-12-31,2024-08-15,3977.703857421875,4011.7099609375,34.006103515625
2024,2024-01-01,2024-12-31,2024-08-16,3981.314208984375,4030.25,48.935791015625
2024,2024-01-01,2024-12-31,2024-08-19,4006.346435546875,4030.25,23.903564453125
2024,2024-01-01,2024-12-31,2024-08-20,4011.140869140625,4010.550048828125,0.5908203125
2024,2024-01-01,2024-12-31,2024-08-21,4000.921875,4029.5400390625,28.6181640625
2024,2024-01-01,2024-12-31,2024-08-22,4015.59423828125,4063.989990234375,48.395751953125
2024,2024-01-01,2024-12-31,2024-08-23,3977.531982421875,4028.510009765625,50.97802734375
2024,2024-01-01,2024-12-31,2024-08-26,4018.4833984375,4024.909912109375,6.426513671875
2024,2024-01-01,2024-12-31,2024-08-27,3980.453369140625,4038.35009765625,57.896728515625
2024,2024-01-01,2024-12-31,2024-08-28,3979.6806640625,4096.5,116.8193359375
2024,2024-01-01,2024-12-31,2024-08-29,4018.41064453125,4120.08984375,101.67919921875
2024,2024-01-01,2024-12-31,2024-08-30,3982.447509765625,4177.580078125,195.132568359375
2024,2024-01-01,2024-12-31,2024-09-02,3962.555419921875,4165.6201171875,203.064697265625
2024,2024-01-01,2024-12-31,2024-09-03,3993.51806640625,4185.7001953125,192.18212890625
2024,2024-01-01,2024-12-31,2024-09-04,4026.84765625,4172.83984375,145.9921875
2024,2024-01-01,2024-12-31,2024-09-05,3990.4443359375,4158.0400390625,167.595703125
2024,2024-01-01,2024-12-31,2024-09-06,3979.629638671875,4174.39990234375,194.770263671875
2024,2024-01-01,2024-12-31,2024-09-09,4042.702880859375,4243.669921875,200.967041015625
2024,2024-01-01,2024-12-31,2024-09-10,3992.132080078125,4280.35009765625,288.218017578125
2024,2024-01-01,2024-12-31,2024-09-11,3986.7802734375,4269.7998046875,283.01953125
2024,2024-01-01,2024-12-31,2024-09-12,3987.45654296875,4208.77001953125,221.3134765625
2024,2024-01-01,2024-12-31,2024-09-13,4000.1796875,4184.6201171875,184.4404296875
2024,2024-01-01,2024-12-31,2024-09-16,3998.520263671875,4233.89990234375,235.379638671875
2024,2024-01-01,2024-12-31,2024-09-17,4007.435302734375,4211.66015625,204.224853515625
2024,2024-01-01,2024-12-31,2024-09-18,4026.65771484375,4182.06982421875,155.412109375
2024,2024-01-01,2024-12-31,2024-09-19,4041.4462890625,4160.6201171875,119.173828125
2024,2024-01-01,2024-12-31,2024-09-20,3988.419921875,4151.58984375,163.169921875
2024,2024-01-01,2024-12-31,2024-09-23,3976.63037109375,4157.5,180.86962890625
2024,2024-01-01,2024-12-31,2024-09-24,4024.31982421875,4154.25,129.93017578125
2024,2024-01-01,2024-12-31,2024-09-25,4022.858642578125,4198.43017578125,175.571533203125
2024,2024-01-01,2024-12-31,2024-09-26,3992.477783203125,4158.9599609375,166.482177734375
2024,2024-01-01,2024-12-31,2024-09-27,3968.552734375,4178.14990234375,209.59716796875
2024,2024-01-01,2024-12-31,2024-09-30,3994.68359375,4206.89990234375,212.21630859375
2024,2024-01-01,2024-12-31,2024-10-01,4017.926513671875,4221.89013671875,203.963623046875
2024,2024-01-01,2024-12-31,2024-10-02,4025.386962890625,4183.1201171875,157.733154296875
2024,2024-01-01,2024-12-31,2024-10-03,3958.48681640625,4191.27001953125,232.783203125
2024,2024-01-01,2024-12-31,2024-10-04,3952.93115234375,4169.08984375,216.15869140625
2024,2024-01-01,2024-12-31,2024-10-07,4030.54443359375,4214.9501953125,184.40576171875
2024,2024-01-01,2024-12-31,2024-10-08,4000.177490234375,4227.3701171875,227.192626953125
2024,2024-01-01,2024-12-31,2024-10-09,3985.55810546875,4234.759765625,249.20166015625
2024,2024-01-01,2024-12-31,2024-10-10,3993.63134765625,4201.27001953125,207.638671875
2024,2024-01-01,2024-12-31,2024-10-11,3994.3896484375,4209.419921875,215.0302734375
2024,2024-01-01,2024-12-31,2024-10-14,4010.566162109375,4209.419921875,198.853759765625
2024,2024-01-01,2024-12-31,2024-10-15,3985.808349609375,4247.75,261.941650390625
2024,2024-01-01,2024-12-31,2024-10-16,4015.471923828125,4264.1298828125,248.657958984375
2024,2024-01-01,2024-12-31,2024-10-17,4000.350341796875,4256.740234375,256.389892578125
2024,2024-01-01,2024-12-31,2024-10-18,3990.926025390625,4272.10009765625,281.174072265625
2024,2024-01-01,2024-12-31,2024-10-21,3983.720947265625,4276.25,292.529052734375
2024,2024-01-01,2024-12-31,2024-10-22,3987.23486328125,4265.06982421875,277.8349609375
2024,2024-01-01,2024-12-31,2024-10-23,4002.437744140625,4316.830078125,314.392333984375
2024,2024-01-01,2024-12-31,2024-10-24,3993.2763671875,4301.0,307.7236328125
2024,2024-01-01,2024-12-31,2024-10-25,4000.783203125,4327.5,326.716796875
2024,2024-01-01,2024-12-31,2024-10-28,3967.198974609375,4336.35986328125,369.160888671875
2024,2024-01-01,2024-12-31,2024-10-29,4013.94140625,4388.25,374.30859375
2024,2024-01-01,2024-12-31,2024-10-30,4007.80810546875,4417.25,409.44189453125
2024,2024-01-01,2024-12-31,2024-10-31,4012.697021484375,4423.830078125,411.133056640625
2024,2024-01-01,2024-12-31,2024-11-01,4007.237548828125,4435.7900390625,428.552490234375
2024,2024-01-01,2024-12-31,2024-11-04,4054.373291015625,4435.7900390625,381.416748046875
2024,2024-01-01,2024-12-31,2024-11-05,3978.531982421875,4408.35986328125,429.827880859375
2024,2024-01-01,2024-12-31,2024-11-06,4019.642822265625,4412.2001953125,392.557373046875
2024,2024-01-01,2024-12-31,2024-11-07,3993.810302734375,4308.0400390625,314.229736328125
2024,2024-01-01,2024-12-31,2024-11-08,4009.443359375,4361.7099609375,352.2666015625
2024,2024-01-01,2024-12-31,2024-11-11,4007.029296875,4361.7099609375,354.6806640625
2024,2024-01-01,2024-12-31,2024-11-12,4025.626953125,4452.0,426.373046875
2024,2024-01-01,2024-12-31,2024-11-13,4015.23388671875,4478.56005859375,463.326171875
2024,2024-01-01,2024-12-31,2024-11-14,4031.60498046875,4486.0,454.39501953125
2024,2024-01-01,2024-12-31,2024-11-15,3989.787353515625,4429.77001953125,439.982666015625
2024,2024-01-01,2024-12-31,2024-11-18,4010.56103515625,4402.75,392.18896484375
2024,2024-01-01,2024-12-31,2024-11-19,4012.852294921875,4391.990234375,379.137939453125
2024,2024-01-01,2024-12-31,2024-11-20,4019.6552734375,4402.06005859375,382.40478515625
2024,2024-01-01,2024-12-31,2024-11-21,4021.733154296875,4392.4501953125,370.717041015625
2024,2024-01-01,2024-12-31,2024-11-22,4003.1865234375,4416.490234375,413.3037109375
2024,2024-01-01,2024-12-31,2024-11-25,4002.639404296875,4385.7998046875,383.160400390625
2024,2024-01-01,2024-12-31,2024-11-26,3985.434326171875,4402.3798828125,416.945556640625
2024,2024-01-01,2024-12-31,2024-11-27,4015.504150390625,4386.9501953125,371.446044921875
2024,2024-01-01,2024-12-31,2024-11-28,3969.6474609375,4402.490234375,432.8427734375
2024,2024-01-01,2024-12-31,2024-11-29,3996.274658203125,4433.35986328125,437.085205078125
2024,2024-01-01,2024-12-31,2024-12-02,3979.264892578125,4460.080078125,480.815185546875
2024,2024-01-01,2024-12-31,2024-12-03,3997.951171875,4440.81005859375,442.85888671875
2024,2024-01-01,2024-12-31,2024-12-04,4021.9716796875,4415.72998046875,393.75830078125
2024,2024-01-01,2024-12-31,2024-12-05,4024.619140625,4415.27001953125,390.65087890625
2024,2024-01-01,2024-12-31,2024-12-06,3962.2255859375,4407.9501953125,445.724609375
2024,2024-01-01,2024-12-31,2024-12-09,4004.43017578125,4372.259765625,367.82958984375
2024,2024-01-01,2024-12-31,2024-12-10,3984.043701171875,4371.18994140625,387.146240234375
2024,2024-01-01,2024-12-31,2024-12-11,4019.215576171875,4345.10009765625,325.884521484375
2024,2024-01-01,2024-12-31,2024-12-12,3988.33984375,4346.97021484375,358.63037109375
2024,2024-01-01,2024-12-31,2024-12-13,3976.635009765625,4317.91015625,341.275146484375
2024,2024-01-01,2024-12-31,2024-12-16,4007.4775390625,4321.25,313.7724609375
2024,2024-01-01,2024-12-31,2024-12-17,3971.16845703125,4345.7998046875,374.63134765625
2024,2024-01-01,2024-12-31,2024-12-18,4001.779541015625,4372.83984375,371.060302734375
2024,2024-01-01,2024-12-31,2024-12-19,4031.819580078125,4378.58984375,346.770263671875
2024,2024-01-01,2024-12-31,2024-12-20,4021.73388671875,4386.3798828125,364.64599609375
2024,2024-01-01,2024-12-31,2024-12-23,3982.254638671875,4419.97998046875,437.725341796875
2024,2024-01-01,2024-12-31,2024-12-24,4020.64208984375,4373.68994140625,353.0478515625
2024,2024-01-01,2024-12-31,2024-12-25,3979.865966796875,4373.68994140625,393.823974609375
2024,2024-01-01,2024-12-31,2024-12-26,4010.08056640625,4383.85009765625,373.76953125
2024,2024-01-01,2024-12-31,2024-12-27,4025.9150390625,4408.02978515625,382.11474609375
2024,2024-01-01,2024-12-31,2024-12-30,3973.396484375,4404.7998046875,431.4033203125
2024,2024-01-01,2024-12-31,2024-12-31,3980.591796875,4405.77001953125,425.17822265625
2025,2025-01-01,2025-12-31,2025-01-01,4395.6328125,4405.77001953125,10.13720703125
2025,2025-01-01,2025-12-31,2025-01-02,4394.33740234375,4375.2998046875,19.03759765625
2025,2025-01-01,2025-12-31,2025-01-03,4393.89892578125,4346.85009765625,47.048828125
2025,2025-01-01,2025-12-31,2025-01-06,4404.7724609375,4346.85009765625,57.92236328125
2025,2025-01-01,2025-12-31,2025-01-07,4409.2958984375,4340.06005859375,69.23583984375
2025,2025-01-01,2025-12-31,2025-01-08,4403.05126953125,4327.2001953125,75.85107421875
2025,2025-01-01,2025-12-31,2025-01-09,4393.63525390625,4332.0,61.63525390625
2025,2025-01-01,2025-12-31,2025-01-10,4367.26123046875,4345.0,22.26123046875
2025,2025-01-01,2025-12-31,2025-01-13,4388.32421875,4306.75,81.57421875
2025,2025-01-01,2025-12-31,2025-01-14,4394.86083984375,4294.5,100.36083984375
2025,2025-01-01,2025-12-31,2025-01-15,4405.142578125,4302.14013671875,103.00244140625
2025,2025-01-01,2025-12-31,2025-01-16,4410.1015625,4343.72998046875,66.37158203125
2025,2025-01-01,2025-12-31,2025-01-17,4389.6650390625,4335.35009765625,54.31494140625
2025,2025-01-01,2025-12-31,2025-01-20,4387.16552734375,4318.75,68.41552734375
2025,2025-01-01,2025-12-31,2025-01-21,4386.23388671875,4306.16015625,80.07373046875
2025,2025-01-01,2025-12-31,2025-01-22,4391.48974609375,4266.2001953125,125.28955078125
2025,2025-01-01,2025-12-31,2025-01-23,4403.935546875,4230.8798828125,173.0556640625
2025,2025-01-01,2025-12-31,2025-01-24,4395.30419921875,4178.25,217.05419921875
2025,2025-01-01,2025-12-31,2025-01-27,4407.14306640625,4198.47998046875,208.6630859375
2025,2025-01-01,2025-12-31,2025-01-28,4387.7119140625,4219.0,168.7119140625
2025,2025-01-01,2025-12-31,2025-01-29,4395.75537109375,4169.14990234375,226.60546875
2025,2025-01-01,2025-12-31,2025-01-30,4390.828125,4155.02978515625,235.79833984375
2025,2025-01-01,2025-12-31,2025-01-31,4396.29248046875,4209.330078125,186.96240234375
2025,2025-01-01,2025-12-31,2025-02-03,4381.2783203125,4161.7099609375,219.568359375
2025,2025-01-01,2025-12-31,2025-02-04,4387.55712890625,4160.14013671875,227.4169921875
2025,2025-01-01,2025-12-31,2025-02-05,4405.21533203125,4176.419921875,228.79541015625
2025,2025-01-01,2025-12-31,2025-02-06,4417.98779296875,4135.669921875,282.31787109375
2025,2025-01-01,2025-12-31,2025-02-07,4413.15185546875,4122.3798828125,290.77197265625
2025,2025-01-01,2025-12-31,2025-02-10,4398.37890625,4137.2998046875,261.0791015625
2025,2025-01-01,2025-12-31,2025-02-11,4396.18310546875,4139.4599609375,256.72314453125
2025,2025-01-01,2025-12-31,2025-02-12,4394.3876953125,4167.0400390625,227.34765625
2025,2025-01-01,2025-12-31,2025-02-13,4402.1484375,4139.080078125,263.068359375
2025,2025-01-01,2025-12-31,2025-02-14,4399.73046875,4126.25,273.48046875
2025,2025-01-01,2025-12-31,2025-02-17,4392.19384765625,4126.85009765625,265.34375
2025,2025-01-01,2025-12-31,2025-02-18,4397.35986328125,4093.0,304.35986328125
2025,2025-01-01,2025-12-31,2025-02-19,4364.15966796875,4101.3701171875,262.78955078125
2025,2025-01-01,2025-12-31,2025-02-20,4376.060546875,4076.719970703125,299.340576171875
2025,2025-01-01,2025-12-31,2025-02-21,4401.8701171875,4082.25,319.6201171875
2025,2025-01-01,2025-12-31,2025-02-24,4399.11279296875,4118.259765625,280.85302734375
2025,2025-01-01,2025-12-31,2025-02-25,4403.56640625,4128.66015625,274.90625
2025,2025-01-01,2025-12-31,2025-02-26,4373.36865234375,4103.8798828125,269.48876953125
2025,2025-01-01,2025-12-31,2025-02-27,4376.67236328125,4131.4599609375,245.21240234375
2025,2025-01-01,2025-12-31,2025-02-28,4410.79443359375,4154.14013671875,256.654296875
2025,2025-01-01,2025-12-31,2025-03-03,4397.38427734375,4108.1298828125,289.25439453125
2025,2025-01-01,2025-12-31,2025-03-04,4414.7890625,4159.5,255.2890625
2025,2025-01-01,2025-12-31,2025-03-05,4406.0634765625,4112.75,293.3134765625
2025,2025-01-01,2025-12-31,2025-03-06,4372.75830078125,4102.990234375,269.76806640625
2025,2025-01-01,2025-12-31,2025-03-07,4410.32470703125,4130.830078125,279.49462890625
2025,2025-01-01,2025-12-31,2025-03-10,4405.80517578125,4179.77001953125,226.03515625
2025,2025-01-01,2025-12-31,2025-03-11,4385.76416015625,4132.2998046875,253.46435546875
2025,2025-01-01,2025-12-31,2025-03-12,4395.76123046875,4107.0400390625,288.72119140625
2025,2025-01-01,2025-12-31,2025-03-13,4409.90625,4124.3798828125,285.5263671875
2025,2025-01-01,2025-12-31,2025-03-14,4390.93994140625,4100.22021484375,290.7197265625
2025,2025-01-01,2025-12-31,2025-03-17,4397.3916015625,4072.389892578125,325.001708984375
2025,2025-01-01,2025-12-31,2025-03-18,4430.2802734375,4118.10986328125,312.17041015625
2025,2025-01-01,2025-12-31,2025-03-19,4390.11865234375,4162.8798828125,227.23876953125
2025,2025-01-01,2025-12-31,2025-03-20,4385.19189453125,4171.580078125,213.61181640625
2025,2025-01-01,2025-12-31,2025-03-21,4409.85498046875,4144.75,265.10498046875
2025,2025-01-01,2025-12-31,2025-03-24,4385.16796875,4144.75,240.41796875
2025,2025-01-01,2025-12-31,2025-03-25,4413.6328125,4107.81005859375,305.82275390625
2025,2025-01-01,2025-12-31,2025-03-26,4395.4482421875,4129.0,266.4482421875
2025,2025-01-01,2025-12-31,2025-03-27,4403.98779296875,4170.5498046875,233.43798828125
2025,2025-01-01,2025-12-31,2025-03-28,4379.4521484375,4201.7001953125,177.751953125
2025,2025-01-01,2025-12-31,2025-03-31,4385.56396484375,4182.91015625,202.65380859375
2025,2025-01-01,2025-12-31,2025-04-01,4379.451171875,4145.5,233.951171875
2025,2025-01-01,2025-12-31,2025-04-02,4375.68017578125,4156.1298828125,219.55029296875
2025,2025-01-01,2025-12-31,2025-04-03,4386.26171875,4156.2001953125,230.0615234375
2025,2025-01-01,2025-12-31,2025-04-04,4385.64404296875,4274.22998046875,111.4140625
2025,2025-01-01,2025-12-31,2025-04-07,4388.38134765625,4384.7998046875,3.58154296875
2025,2025-01-01,2025-12-31,2025-04-08,4399.73095703125,4425.25,25.51904296875
2025,2025-01-01,2025-12-31,2025-04-09,4377.52294921875,4319.27978515625,58.2431640625
2025,2025-01-01,2025-12-31,2025-04-10,4387.646484375,4333.35009765625,54.29638671875
2025,2025-01-01,2025-12-31,2025-04-11,4397.5185546875,4276.97021484375,120.54833984375
2025,2025-01-01,2025-12-31,2025-04-14,4406.271484375,4298.31005859375,107.96142578125
2025,2025-01-01,2025-12-31,2025-04-15,4405.9140625,4355.02001953125,50.89404296875
2025,2025-01-01,2025-12-31,2025-04-16,4401.14208984375,4305.77001953125,95.3720703125
2025,2025-01-01,2025-12-31,2025-04-17,4395.19970703125,4305.77001953125,89.4296875
2025,2025-01-01,2025-12-31,2025-04-18,4408.3359375,4305.77001953125,102.56591796875
2025,2025-01-01,2025-12-31,2025-04-21,4404.94580078125,4281.5400390625,123.40576171875
2025,2025-01-01,2025-12-31,2025-04-22,4402.94287109375,4294.6201171875,108.32275390625
2025,2025-01-01,2025-12-31,2025-04-23,4396.45068359375,4306.419921875,90.03076171875
2025,2025-01-01,2025-12-31,2025-04-24,4385.96484375,4266.83984375,119.125
2025,2025-01-01,2025-12-31,2025-04-25,4383.84521484375,4217.75,166.09521484375
2025,2025-01-01,2025-12-31,2025-04-28,4408.45654296875,4217.080078125,191.37646484375
2025,2025-01-01,2025-12-31,2025-04-29,4404.3466796875,4186.64013671875,217.70654296875
2025,2025-01-01,2025-12-31,2025-04-30,4398.017578125,4226.8798828125,171.1376953125
2025,2025-01-01,2025-12-31,2025-05-01,4409.30126953125,4242.64990234375,166.6513671875
2025,2025-01-01,2025-12-31,2025-05-02,4390.6240234375,4250.16015625,140.4638671875
2025,2025-01-01,2025-12-31,2025-05-05,4403.361328125,4300.22021484375,103.14111328125
2025,2025-01-01,2025-12-31,2025-05-06,4388.1201171875,4305.669921875,82.4501953125
2025,2025-01-01,2025-12-31,2025-05-07,4412.04443359375,4284.830078125,127.21435546875
2025,2025-01-01,2025-12-31,2025-05-08,4392.09765625,4251.669921875,140.427734375
2025,2025-01-01,2025-12-31,2025-05-09,4400.24462890625,4224.4501953125,175.79443359375
2025,2025-01-01,2025-12-31,2025-05-12,4401.1904296875,4226.509765625,174.6806640625
2025,2025-01-01,2025-12-31,2025-05-13,4399.052734375,4219.56005859375,179.49267578125
2025,2025-01-01,2025-12-31,2025-05-14,4394.208984375,4181.169921875,213.0390625
2025,2025-01-01,2025-12-31,2025-05-15,4388.1005859375,4200.56005859375,187.54052734375
2025,2025-01-01,2025-12-31,2025-05-16,4384.19970703125,4176.25,207.94970703125
2025,2025-01-01,2025-12-31,2025-05-19,4405.005859375,4173.02978515625,231.97607421875
2025,2025-01-01,2025-12-31,2025-05-20,4393.083984375,4167.2001953125,225.8837890625
2025,2025-01-01,2025-12-31,2025-05-21,4392.0849609375,4176.56982421875,215.51513671875
2025,2025-01-01,2025-12-31,2025-05-22,4413.45263671875,4175.3798828125,238.07275390625
2025,2025-01-01,2025-12-31,2025-05-23,4389.94140625,4150.9501953125,238.9912109375
2025,2025-01-01,2025-12-31,2025-05-26,4370.42431640625,4149.9501953125,220.47412109375
2025,2025-01-01,2025-12-31,2025-05-27,4415.1298828125,4112.009765625,303.1201171875
2025,2025-01-01,2025-12-31,2025-05-28,4402.9013671875,4124.919921875,277.9814453125
2025,2025-01-01,2025-12-31,2025-05-29,4378.05322265625,4119.47021484375,258.5830078125
2025,2025-01-01,2025-12-31,2025-05-30,4401.6611328125,4160.22021484375,241.44091796875
2025,2025-01-01,2025-12-31,2025-06-02,4404.6201171875,4160.22021484375,244.39990234375
2025,2025-01-01,2025-12-31,2025-06-03,4382.41259765625,4107.9501953125,274.46240234375
2025,2025-01-01,2025-12-31,2025-06-04,4397.02490234375,4108.9501953125,288.07470703125
2025,2025-01-01,2025-12-31,2025-06-05,4388.6923828125,4108.7998046875,279.892578125
2025,2025-01-01,2025-12-31,2025-06-06,4404.79150390625,4115.39013671875,289.4013671875
2025,2025-01-01,2025-12-31,2025-06-09,4388.98974609375,4141.5400390625,247.44970703125
2025,2025-01-01,2025-12-31,2025-06-10,4380.029296875,4205.7099609375,174.3193359375
2025,2025-01-01,2025-12-31,2025-06-11,4400.98681640625,4180.18994140625,220.796875
2025,2025-01-01,2025-12-31,2025-06-12,4416.8056640625,4153.25,263.5556640625
2025,2025-01-01,2025-12-31,2025-06-13,4397.935546875,4131.56005859375,266.37548828125
2025,2025-01-01,2025-12-31,2025-06-16,4398.1689453125,4104.9501953125,293.21875
2025,2025-01-01,2025-12-31,2025-06-17,4399.00244140625,4099.85986328125,299.142578125
2025,2025-01-01,2025-12-31,2025-06-18,4395.56298828125,4068.199951171875,327.363037109375
2025,2025-01-01,2025-12-31,2025-06-19,4409.5087890625,4077.719970703125,331.788818359375
2025,2025-01-01,2025-12-31,2025-06-20,4397.49853515625,4094.820068359375,302.678466796875
2025,2025-01-01,2025-12-31,2025-06-23,4387.68505859375,4094.820068359375,292.864990234375
2025,2025-01-01,2025-12-31,2025-06-24,4395.431640625,4077.5,317.931640625
2025,2025-01-01,2025-12-31,2025-06-25,4373.125,4061.75,311.375
2025,2025-01-01,2025-12-31,2025-06-26,4387.111328125,4040.25,346.861328125
2025,2025-01-01,2025-12-31,2025-06-27,4393.93408203125,4099.509765625,294.42431640625
2025,2025-01-01,2025-12-31,2025-06-30,4383.595703125,4099.509765625,284.0859375
2025,2025-01-01,2025-12-31,2025-07-01,4406.0830078125,4027.35009765625,378.73291015625
2025,2025-01-01,2025-12-31,2025-07-02,4411.98681640625,3994.39990234375,417.5869140625
2025,2025-01-01,2025-12-31,2025-07-03,4384.09033203125,3983.840087890625,400.250244140625
2025,2025-01-01,2025-12-31,2025-07-04,4382.9296875,3984.449951171875,398.479736328125
2025,2025-01-01,2025-12-31,2025-07-07,4416.95263671875,4043.050048828125,373.902587890625
2025,2025-01-01,2025-12-31,2025-07-08,4410.92919921875,4047.22998046875,363.69921875
2025,2025-01-01,2025-12-31,2025-07-09,4399.59521484375,4007.89990234375,391.6953125
2025,2025-01-01,2025-12-31,2025-07-10,4399.548828125,4010.75,388.798828125
2025,2025-01-01,2025-12-31,2025-07-11,4387.04833984375,4000.64990234375,386.3984375
2025,2025-01-01,2025-12-31,2025-07-14,4407.916015625,4001.530029296875,406.385986328125
2025,2025-01-01,2025-12-31,2025-07-15,4388.87255859375,4027.010009765625,361.862548828125
2025,2025-01-01,2025-12-31,2025-07-16,4393.927734375,4014.090087890625,379.837646484375
2025,2025-01-01,2025-12-31,2025-07-17,4383.6025390625,4019.739990234375,363.862548828125
2025,2025-01-01,2025-12-31,2025-07-18,4411.29638671875,4015.52001953125,395.7763671875
2025,2025-01-01,2025-12-31,2025-07-21,4379.46728515625,4044.72998046875,334.7373046875
2025,2025-01-01,2025-12-31,2025-07-22,4394.01708984375,4075.64990234375,318.3671875
2025,2025-01-01,2025-12-31,2025-07-23,4405.3994140625,4044.72998046875,360.66943359375
2025,2025-01-01,2025-12-31,2025-07-24,4411.67724609375,4072.669921875,339.00732421875
2025,2025-01-01,2025-12-31,2025-07-25,4384.0849609375,4140.3701171875,243.71484375
2025,2025-01-01,2025-12-31,2025-07-28,4407.53125,4166.2900390625,241.2412109375
2025,2025-01-01,2025-12-31,2025-07-29,4400.599609375,4142.1298828125,258.4697265625
2025,2025-01-01,2025-12-31,2025-07-30,4403.78564453125,4181.7001953125,222.08544921875
2025,2025-01-01,2025-12-31,2025-07-31,4423.41259765625,4185.580078125,237.83251953125
2025,2025-01-01,2025-12-31,2025-08-01,4387.19970703125,4127.2001953125,259.99951171875
2025,2025-01-01,2025-12-31,2025-08-04,4398.08447265625,4097.52001953125,300.564453125
2025,2025-01-01,2025-12-31,2025-08-05,4410.5693359375,4089.68994140625,320.87939453125
2025,2025-01-01,2025-12-31,2025-08-06,4384.91552734375,4046.18994140625,338.7255859375
2025,2025-01-01,2025-12-31,2025-08-07,4388.22802734375,4046.18994140625,342.0380859375
2025,2025-01-01,2025-12-31,2025-08-08,4403.572265625,4050.110107421875,353.462158203125
2025,2025-01-01,2025-12-31,2025-08-11,4415.1787109375,4034.2099609375,380.96875
2025,2025-01-01,2025-12-31,2025-08-12,4376.498046875,4017.760009765625,358.738037109375
2025,2025-01-01,2025-12-31,2025-08-13,4402.453125,4028.489990234375,373.963134765625
2025,2025-01-01,2025-12-31,2025-08-14,4410.087890625,4052.39990234375,357.68798828125
2025,2025-01-01,2025-12-31,2025-08-15,4402.63037109375,4014.699951171875,387.930419921875
2025,2025-01-01,2025-12-31,2025-08-18,4392.3115234375,4014.699951171875,377.611572265625
2025,2025-01-01,2025-12-31,2025-08-19,4396.51171875,4032.14990234375,364.36181640625
2025,2025-01-01,2025-12-31,2025-08-20,4395.75634765625,4020.47998046875,375.2763671875
2025,2025-01-01,2025-12-31,2025-08-21,4404.18359375,4030.60009765625,373.58349609375
2025,2025-01-01,2025-12-31,2025-08-22,4408.2412109375,4010.800048828125,397.441162109375
2025,2025-01-01,2025-12-31,2025-08-25,4396.12841796875,4026.10009765625,370.0283203125
2025,2025-01-01,2025-12-31,2025-08-26,4395.71630859375,4054.22998046875,341.486328125
2025,2025-01-01,2025-12-31,2025-08-27,4384.9912109375,4029.22998046875,355.76123046875
2025,2025-01-01,2025-12-31,2025-08-28,4407.283203125,4026.550048828125,380.733154296875
2025,2025-01-01,2025-12-31,2025-08-29,4397.7099609375,4017.050048828125,380.659912109375
2025,2025-01-01,2025-12-31,2025-09-01,4385.9130859375,4016.550048828125,369.363037109375
2025,2025-01-01,2025-12-31,2025-09-02,4398.345703125,4003.0400390625,395.3056640625
2025,2025-01-01,2025-12-31,2025-09-03,4403.6640625,4005.39990234375,398.26416015625
2025,2025-01-01,2025-12-31,2025-09-04,4403.3564453125,3987.10009765625,416.25634765625
2025,2025-01-01,2025-12-31,2025-09-05,4401.9755859375,3959.510009765625,442.465576171875
2025,2025-01-01,2025-12-31,2025-09-08,4389.33203125,3940.35009765625,448.98193359375
2025,2025-01-01,2025-12-31,2025-09-09,4384.68115234375,3922.10009765625,462.5810546875
2025,2025-01-01,2025-12-31,2025-09-10,4401.61181640625,3924.25,477.36181640625
2025,2025-01-01,2025-12-31,2025-09-11,4410.2099609375,3893.02001953125,517.18994140625
2025,2025-01-01,2025-12-31,2025-09-12,4400.2763671875,3896.5,503.7763671875
2025,2025-01-01,2025-12-31,2025-09-15,4399.853515625,3905.949951171875,493.903564453125
2025,2025-01-01,2025-12-31,2025-09-16,4379.73388671875,3870.56005859375,509.173828125
2025,2025-01-01,2025-12-31,2025-09-17,4396.0,3877.679931640625,518.320068359375
2025,2025-01-01,2025-12-31,2025-09-18,4402.240234375,3894.97998046875,507.26025390625
2025,2025-01-01,2025-12-31,2025-09-19,4390.203125,3865.3701171875,524.8330078125
2025,2025-01-01,2025-12-31,2025-09-22,4401.55615234375,3846.199951171875,555.356201171875
2025,2025-01-01,2025-12-31,2025-09-23,4394.45166015625,3856.860107421875,537.591552734375
2025,2025-01-01,2025-12-31,2025-09-24,4394.1015625,3883.2900390625,510.8115234375
2025,2025-01-01,2025-12-31,2025-09-25,4389.73779296875,3904.35009765625,485.3876953125
2025,2025-01-01,2025-12-31,2025-09-26,4405.75537109375,3900.60009765625,505.1552734375
2025,2025-01-01,2025-12-31,2025-09-29,4409.27587890625,3919.320068359375,489.955810546875
2025,2025-01-01,2025-12-31,2025-09-30,4378.20166015625,3920.4599609375,457.74169921875
2025,2025-01-01,2025-12-31,2025-10-01,4407.75390625,3879.3798828125,528.3740234375
2025,2025-01-01,2025-12-31,2025-10-02,4406.10302734375,3885.669921875,520.43310546875
2025,2025-01-01,2025-12-31,2025-10-03,4392.1572265625,3869.800048828125,522.357177734375
2025,2025-01-01,2025-12-31,2025-10-06,4388.5,3854.889892578125,533.610107421875
2025,2025-01-01,2025-12-31,2025-10-07,4402.35009765625,3875.2099609375,527.14013671875
2025,2025-01-01,2025-12-31,2025-10-08,4377.9267578125,3891.8798828125,486.046875
2025,2025-01-01,2025-12-31,2025-10-09,4378.40576171875,3885.77001953125,492.6357421875
2025,2025-01-01,2025-12-31,2025-10-10,4398.31884765625,3923.530029296875,474.788818359375
2025,2025-01-01,2025-12-31,2025-10-13,4400.01611328125,3923.530029296875,476.486083984375
2025,2025-01-01,2025-12-31,2025-10-14,4388.6748046875,3924.169921875,464.5048828125
2025,2025-01-01,2025-12-31,2025-10-15,4409.5751953125,3894.8798828125,514.6953125
2025,2025-01-01,2025-12-31,2025-10-16,4382.330078125,3844.590087890625,537.739990234375
2025,2025-01-01,2025-12-31,2025-10-17,4395.11474609375,3831.320068359375,563.794677734375
2025,2025-01-01,2025-12-31,2025-10-20,4397.18359375,3884.52001953125,512.66357421875
2025,2025-01-01,2025-12-31,2025-10-21,4400.21533203125,3892.8798828125,507.33544921875
2025,2025-01-01,2025-12-31,2025-10-22,4373.6708984375,3909.610107421875,464.060791015625
2025,2025-01-01,2025-12-31,2025-10-23,4391.77294921875,3882.050048828125,509.722900390625
2025,2025-01-01,2025-12-31,2025-10-24,4395.46533203125,3852.070068359375,543.395263671875
2025,2025-01-01,2025-12-31,2025-10-27,4402.25927734375,3848.27001953125,553.9892578125
2025,2025-01-01,2025-12-31,2025-10-28,4394.62109375,3897.409912109375,497.211181640625
2025,2025-01-01,2025-12-31,2025-10-29,4401.4267578125,3873.60009765625,527.82666015625
2025,2025-01-01,2025-12-31,2025-10-30,4391.2197265625,3862.39990234375,528.81982421875
2025,2025-01-01,2025-12-31,2025-10-31,4393.568359375,3854.679931640625,538.888427734375
2025,2025-01-01,2025-12-31,2025-11-03,4398.8603515625,3854.679931640625,544.180419921875
2025,2025-01-01,2025-12-31,2025-11-04,4397.88037109375,3857.89990234375,539.98046875
2025,2025-01-01,2025-12-31,2025-11-05,4385.5234375,3834.5,551.0234375
2025,2025-01-01,2025-12-31,2025-11-06,4403.01220703125,3785.89990234375,617.1123046875
2025,2025-01-01,2025-12-31,2025-11-07,4376.7802734375,3783.679931640625,593.100341796875
2025,2025-01-01,2025-12-31,2025-11-10,4385.86328125,3754.39990234375,631.46337890625
2025,2025-01-01,2025-12-31,2025-11-11,4418.14013671875,3736.469970703125,681.670166015625
2025,2025-01-01,2025-12-31,2025-11-12,4399.59423828125,3707.02001953125,692.57421875
2025,2025-01-01,2025-12-31,2025-11-13,4414.04052734375,3745.97998046875,668.060546875
2025,2025-01-01,2025-12-31,2025-11-14,4373.52197265625,3755.1298828125,618.39208984375
2025,2025-01-01,2025-12-31,2025-11-17,4392.05224609375,3755.93994140625,636.1123046875
2025,2025-01-01,2025-12-31,2025-11-18,4413.447265625,3722.169921875,691.27734375
2025,2025-01-01,2025-12-31,2025-11-19,4396.83447265625,3713.669921875,683.16455078125
2025,2025-01-01,2025-12-31,2025-11-20,4393.0654296875,3763.919921875,629.1455078125
2025,2025-01-01,2025-12-31,2025-11-21,4396.33154296875,3807.39990234375,588.931640625
2025,2025-01-01,2025-12-31,2025-11-24,4391.09033203125,3801.7099609375,589.38037109375
2025,2025-01-01,2025-12-31,2025-11-25,4404.80224609375,3813.300048828125,591.502197265625
2025,2025-01-01,2025-12-31,2025-11-26,4397.798828125,3729.340087890625,668.458740234375
2025,2025-01-01,2025-12-31,2025-11-27,4404.8740234375,3743.550048828125,661.323974609375
2025,2025-01-01,2025-12-31,2025-11-28,4409.84228515625,3755.340087890625,654.502197265625
2025,2025-01-01,2025-12-31,2025-12-01,4386.60400390625,3815.610107421875,570.993896484375
2025,2025-01-01,2025-12-31,2025-12-02,4384.7978515625,3811.0,573.7978515625
2025,2025-01-01,2025-12-31,2025-12-03,4400.9814453125,3763.7900390625,637.19140625
2025,2025-01-01,2025-12-31,2025-12-04,4402.0673828125,3799.050048828125,603.017333984375
2025,2025-01-01,2025-12-31,2025-12-05,4406.310546875,3842.610107421875,563.700439453125
2025,2025-01-01,2025-12-31,2025-12-08,4394.9775390625,3842.610107421875,552.367431640625
2025,2025-01-01,2025-12-31,2025-12-09,4389.65771484375,3864.72998046875,524.927734375
2025,2025-01-01,2025-12-31,2025-12-10,4385.16064453125,3839.77001953125,545.390625
2025,2025-01-01,2025-12-31,2025-12-11,4408.57470703125,3802.72998046875,605.8447265625
2025,2025-01-01,2025-12-31,2025-12-12,4407.6875,3800.4599609375,607.2275390625
2025,2025-01-01,2025-12-31,2025-12-15,4401.38037109375,3830.050048828125,571.330322265625
2025,2025-01-01,2025-12-31,2025-12-16,4409.4892578125,3843.639892578125,565.849365234375
2025,2025-01-01,2025-12-31,2025-12-17,4396.27734375,3864.800048828125,531.477294921875
2025,2025-01-01,2025-12-31,2025-12-18,4400.21923828125,3859.919921875,540.29931640625
2025,2025-01-01,2025-12-31,2025-12-19,4393.06298828125,3823.85009765625,569.212890625
2025,2025-01-01,2025-12-31,2025-12-22,4399.837890625,3783.35009765625,616.48779296875
2025,2025-01-01,2025-12-31,2025-12-23,4385.4638671875,3760.550048828125,624.913818359375
2025,2025-01-01,2025-12-31,2025-12-24,4413.28369140625,3736.10009765625,677.18359375
2025,2025-01-01,2025-12-31,2025-12-25,4399.8525390625,3736.10009765625,663.75244140625
2025,2025-01-01,2025-12-31,2025-12-26,4390.95556640625,3697.0,693.95556640625
2025,2025-01-01,2025-12-31,2025-12-29,4402.16845703125,3748.300048828125,653.868408203125
2025,2025-01-01,2025-12-31,2025-12-30,4388.56787109375,3777.6201171875,610.94775390625
2025,2025-01-01,2025-12-31,2025-12-31,4414.470703125,3777.6201171875,636.8505859375
