Date,Dif,VIX Index,BCOM Index,COP REGN Curncy
2019-01-01,1.0990000000000002,25.42,76.7154,3249.75
2019-01-02,0.9499999999999997,23.22,76.9851,3238.35
2019-01-03,1.3999999999999995,25.45,77.4544,3244.0
2019-01-04,1.6550000000000002,21.38,78.3352,3192.57
2019-01-07,1.6950000000000003,21.4,78.5743,3208.56
2019-01-08,1.6879999999999997,20.47,78.9489,3165.96
2019-01-09,1.6550000000000002,19.98,79.9122,3127.93
2019-01-10,1.6750000000000003,19.5,79.489,3136.25
2019-01-11,1.6959999999999997,18.19,79.6614,3152.78
2019-01-14,1.706,19.07,79.9021,3140.75
2019-01-15,1.6450000000000005,18.6,80.1043,3142.05
2019-01-16,1.6750000000000003,19.04,80.2592,3117.63
2019-01-17,1.6959999999999997,18.06,80.4502,3133.3
2019-01-18,1.6870000000000003,17.8,81.3791,3124.75
2019-01-21,1.6870000000000003,17.8,81.3791,3121.66
2019-01-22,1.6979999999999995,20.8,80.0891,3145.77
2019-01-23,1.7070000000000003,19.52,80.0749,3146.1
2019-01-24,1.697,18.89,80.2096,3171.35
2019-01-25,1.7070000000000003,17.42,81.0693,3151.5
2019-01-28,1.717,18.87,79.8671,3159.02
2019-01-29,1.7070000000000003,19.13,80.5004,3155.43
2019-01-30,1.717,17.66,80.8822,3163.92
2019-01-31,1.5270000000000001,16.57,80.7252,3107.0
2019-02-01,1.6359999999999997,16.14,80.965,3090.42
2019-02-04,1.706,15.73,81.1004,3088.02
2019-02-05,1.7070000000000003,15.57,80.8806,3089.4
2019-02-06,1.726,15.38,80.9856,3105.13
2019-02-07,1.7300000000000004,16.37,80.0391,3118.2
2019-02-08,1.7409999999999997,15.72,80.0655,3116.2
2019-02-11,1.7100000000000004,15.97,79.6555,3139.7
2019-02-12,1.7200000000000002,15.43,80.0973,3126.6
2019-02-13,1.729,15.65,80.1641,3131.1
2019-02-14,1.7200000000000002,16.22,79.9611,3151.52
2019-02-15,1.6789999999999998,14.91,80.9569,3141.79
2019-02-18,1.682,14.91,80.9569,3126.35
2019-02-19,1.7150000000000003,14.88,81.2942,3141.4
2019-02-20,1.7209999999999996,14.02,81.6821,3110.7
2019-02-21,1.7179999999999995,14.46,81.7878,3123.55
2019-02-22,1.7079999999999997,13.51,82.1246,3105.75
2019-02-25,1.729,14.85,81.301,3105.55
2019-02-26,1.7300000000000004,15.17,81.2074,3083.45
2019-02-27,1.737,14.7,81.6096,3071.18
2019-02-28,1.5270000000000001,14.78,81.3904,3080.38
2019-03-01,1.729,13.57,80.966,3096.13
2019-03-04,1.726,14.63,80.8184,3093.71
2019-03-05,1.7250000000000005,14.74,81.1937,3099.93
2019-03-06,1.7250000000000005,15.74,80.7408,3106.2
2019-03-07,1.7250000000000005,16.59,80.52,3143.35
2019-03-08,1.717,16.05,80.4667,3174.5
2019-03-11,1.729,14.33,80.2569,3178.55
2019-03-12,1.7179999999999995,13.77,80.8615,3150.75
2019-03-13,1.7050000000000005,13.41,81.5304,3145.52
2019-03-14,1.6850000000000005,13.5,81.3474,3144.65
2019-03-15,1.6440000000000001,12.88,81.5838,3124.08
2019-03-18,1.694,13.1,81.8765,3102.54
2019-03-19,1.6850000000000005,13.56,82.093,3094.65
2019-03-20,1.637,13.91,82.3797,3092.59
2019-03-21,1.6700000000000004,13.63,82.3473,3082.08
2019-03-22,1.7079999999999997,16.48,81.7507,3126.06
2019-03-25,1.7079999999999997,16.33,81.9158,3126.06
2019-03-26,1.7079999999999997,14.68,81.9936,3145.52
2019-03-27,1.709,15.15,81.5642,3186.45
2019-03-28,1.6779999999999995,14.43,81.0873,3191.0
2019-03-29,1.4600000000000004,13.71,81.0872,3186.0
2019-04-01,1.6470000000000002,13.4,81.6727,3146.74
2019-04-02,1.6470000000000002,13.36,81.8613,3143.2
2019-04-03,1.6350000000000002,13.74,82.1833,3128.68
2019-04-04,1.6470000000000002,13.58,82.2323,3132.9
2019-04-05,1.646,12.82,82.3702,3126.35
2019-04-08,1.646,13.18,82.7739,3115.22
2019-04-09,1.6559999999999997,14.28,82.6223,3105.18
2019-04-10,1.657,13.3,83.0616,3095.67
2019-04-11,1.669,13.02,82.2361,3113.59
2019-04-12,1.6679999999999997,12.01,82.7086,3109.0
2019-04-15,1.6400000000000001,12.32,82.3236,3136.17
2019-04-16,1.6400000000000001,12.18,81.9654,3160.71
2019-04-17,1.6050000000000004,12.6,81.6612,3160.87
2019-04-18,1.6050000000000004,12.09,81.7063,3160.48
2019-04-19,1.6050000000000004,12.09,81.7063,3160.48
2019-04-22,1.646,12.42,81.9569,3139.4
2019-04-23,1.646,12.28,81.6437,3177.88
2019-04-24,1.666,13.14,81.4341,3195.23
2019-04-25,1.6559999999999997,13.25,81.2183,3233.0
2019-04-26,1.6479999999999997,12.73,80.7614,3237.98
2019-04-29,1.626,13.11,80.5356,3247.87
2019-04-30,1.346,13.12,80.5738,3233.95
2019-05-01,1.5659999999999998,14.8,80.4241,3233.95
2019-05-02,1.6079999999999997,14.42,79.6998,3262.9
2019-05-03,1.6789999999999998,12.87,79.8386,3240.52
2019-05-06,1.689,15.44,79.4748,3254.1
2019-05-07,1.6700000000000004,19.32,78.9692,3297.0
2019-05-08,1.6800000000000002,19.4,79.0004,3290.09
2019-05-09,1.702,19.1,78.56,3278.0
2019-05-10,1.7100000000000004,16.04,78.6618,3274.25
2019-05-13,1.7300000000000004,20.55,78.3414,3274.3
2019-05-14,1.7189999999999999,18.06,79.3386,3284.72
2019-05-15,1.6300000000000003,16.44,79.6536,3296.2
2019-05-16,1.6809999999999996,15.29,80.303,3290.14
2019-05-17,1.6920000000000002,15.96,79.7043,3290.27
2019-05-20,1.722,16.31,79.9291,3341.81
2019-05-21,1.7330000000000005,14.95,79.7764,3344.45
2019-05-22,1.7430000000000003,14.75,78.9523,3335.85
2019-05-23,1.745,16.92,77.9647,3378.2
2019-05-24,1.7469999999999999,15.85,78.7052,3358.77
2019-05-27,1.7459999999999996,15.85,78.7052,3358.68
2019-05-28,1.7069999999999999,17.5,79.3859,3379.55
2019-05-29,1.714,17.9,79.3883,3352.8
2019-05-30,1.7130000000000005,17.3,79.0979,3363.98
2019-05-31,1.6230000000000002,18.71,77.7043,3379.0
2019-06-03,1.7130000000000005,18.86,77.4592,3379.0
2019-06-04,1.725,16.97,77.7057,3292.38
2019-06-05,1.7159999999999997,16.09,76.4862,3305.98
2019-06-06,1.717,15.93,77.1058,3291.27
2019-06-07,1.7280000000000002,16.3,77.148,3268.75
2019-06-10,1.7259999999999995,15.94,77.0245,3258.72
2019-06-11,1.7309999999999999,15.99,77.4684,3259.01
2019-06-12,1.742,15.91,77.0809,3269.0
2019-06-13,1.762,15.82,77.6085,3268.13
2019-06-14,1.762,15.28,77.8285,3273.88
2019-06-17,1.702,15.35,77.7867,3285.9
2019-06-18,1.7209999999999996,15.15,78.2444,3255.7
2019-06-19,1.751,14.33,77.7705,3241.0
2019-06-20,1.7500000000000004,14.75,79.1627,3193.99
2019-06-21,1.7389999999999999,15.4,78.8373,3203.05
2019-06-24,1.7189999999999999,15.26,79.4779,3203.05
2019-06-25,1.6979999999999995,16.28,79.8384,3190.68
2019-06-26,1.6789999999999998,16.21,80.1435,3183.94
2019-06-27,1.6879999999999997,15.82,80.186,3197.65
2019-06-28,1.6109999999999998,15.08,79.653,3211.65
2019-07-01,1.6909999999999998,14.06,79.0432,3211.65
2019-07-02,1.604,12.93,78.0716,3209.95
2019-07-03,1.5530000000000004,12.57,79.1968,3195.35
2019-07-04,1.552,12.57,79.1968,3198.11
2019-07-05,1.5220000000000002,13.28,79.1142,3210.13
2019-07-08,1.6300000000000003,13.96,79.0247,3217.98
2019-07-09,1.6589999999999998,14.09,79.1321,3218.5
2019-07-10,1.649,13.03,80.5401,3206.5
2019-07-11,1.7000000000000002,12.93,80.5555,3199.35
2019-07-12,1.749,12.39,81.0222,3192.9
2019-07-15,1.649,12.68,80.5539,3190.9
2019-07-16,1.6389999999999998,12.86,79.6459,3199.95
2019-07-17,1.6400000000000001,13.97,79.5778,3185.25
2019-07-18,1.649,13.53,78.9159,3176.5
2019-07-19,1.7009999999999996,14.45,79.3793,3173.4
2019-07-22,1.7109999999999999,13.53,79.171,3175.88
2019-07-23,1.7109999999999999,12.61,79.4026,3188.57
2019-07-24,1.7030000000000003,12.07,79.3244,3198.8
2019-07-25,1.6950000000000003,12.74,78.9962,3217.58
2019-07-26,1.7069999999999999,12.16,78.7409,3237.55
2019-07-29,1.717,12.83,79.0108,3285.01
2019-07-30,1.7269999999999999,13.94,79.0834,3302.82
2019-07-31,1.5680000000000005,16.12,78.9631,3280.19
2019-08-01,1.9300000000000002,17.87,77.0081,3340.85
2019-08-02,1.9300000000000002,17.61,77.2259,3384.5
2019-08-05,1.9889999999999999,24.59,76.7648,3456.41
2019-08-06,2.0110000000000006,20.17,76.4699,3428.23
2019-08-07,2.0210000000000004,19.49,75.9747,3428.23
2019-08-08,2.029,16.91,77.0403,3369.32
2019-08-09,2.009,17.97,77.4239,3395.5
2019-08-12,1.9989999999999997,21.09,76.825,3426.76
2019-08-13,1.9589999999999996,17.52,77.589,3412.98
2019-08-14,1.9889999999999999,22.1,76.8568,3459.13
2019-08-15,1.9410000000000003,21.18,76.7023,3471.73
2019-08-16,1.9900000000000002,18.47,76.7728,3426.75
2019-08-19,2.0100000000000002,16.88,76.6591,3426.75
2019-08-20,1.9930000000000003,17.5,76.6926,3408.98
2019-08-21,2.0210000000000004,15.8,76.798,3377.6
2019-08-22,2.029,16.68,76.4193,3390.5
2019-08-23,2.022,19.87,76.0653,3423.0
2019-08-26,2.023,19.32,76.3498,3444.77
2019-08-27,1.9730000000000003,20.31,76.5842,3469.98
2019-08-28,2.003,19.35,77.1685,3477.05
2019-08-29,2.005,17.88,77.4875,3439.08
2019-08-30,1.9639999999999995,18.98,77.0044,3442.35
2019-09-02,1.96,18.98,77.0044,3459.0
2019-09-03,1.944,19.66,77.0083,3443.23
2019-09-04,1.9030000000000005,17.33,78.4199,3397.7
2019-09-05,1.904,16.27,78.0326,3380.8
2019-09-06,1.9650000000000003,15.0,77.8857,3357.25
2019-09-09,1.992,15.27,78.451,3371.82
2019-09-10,1.9700000000000002,15.2,78.7577,3362.52
2019-09-11,1.9570000000000003,14.61,78.205,3375.05
2019-09-12,1.9050000000000002,14.22,78.5686,3366.6
2019-09-13,1.9059999999999997,13.74,78.6973,3363.5
2019-09-16,1.6750000000000003,14.67,81.3979,3364.48
2019-09-17,-1.1440000000000001,14.44,79.8979,3385.48
2019-09-18,1.556,13.95,79.5077,3373.75
2019-09-19,2.1559999999999997,14.05,79.3975,3384.75
2019-09-20,2.245,15.32,79.1971,3416.2
2019-09-23,2.2550000000000003,14.91,79.8663,3437.0
2019-09-24,2.1450000000000005,17.05,79.3596,3435.25
2019-09-25,2.0950000000000006,15.96,78.9079,3431.52
2019-09-26,2.256,16.07,78.6349,3448.38
2019-09-27,2.2859999999999996,17.22,78.34,3459.8
2019-09-30,1.7559999999999998,16.24,77.7797,3477.03
2019-10-01,2.226,18.56,77.8662,3496.1
2019-10-02,2.2550000000000003,20.56,77.5202,3497.36
2019-10-03,2.2650000000000006,19.12,77.7387,3450.55
2019-10-04,2.2859999999999996,17.04,77.9329,3436.0
2019-10-07,2.276,17.86,77.7125,3452.48
2019-10-08,2.2550000000000003,20.28,77.8811,3453.45
2019-10-09,2.256,18.64,77.9236,3467.75
2019-10-10,2.256,17.57,77.9441,3459.13
2019-10-11,2.256,15.58,78.8301,3431.02
2019-10-14,2.256,14.57,78.5847,3431.46
2019-10-15,2.106,13.54,78.4063,3451.7
2019-10-16,2.056,13.68,78.3348,3459.27
2019-10-17,2.1550000000000002,13.79,78.5809,3451.5
2019-10-18,2.2270000000000003,14.25,78.6672,3425.65
2019-10-21,2.247,14.0,78.2463,3448.52
2019-10-22,2.237,14.46,78.4737,3432.2
2019-10-23,2.239,14.01,79.0092,3393.85
2019-10-24,2.25,13.71,79.3472,3406.07
2019-10-25,2.2720000000000002,12.65,79.4979,3395.73
2019-10-28,2.293,13.11,79.4811,3395.25
2019-10-29,2.3000000000000003,13.2,79.6003,3377.02
2019-10-30,2.29,12.33,79.5986,3389.65
2019-10-31,2.3520000000000003,13.22,79.2367,3379.55
2019-11-01,2.5300000000000002,12.3,80.2596,3325.7
2019-11-04,2.5500000000000003,12.83,80.6335,3339.19
2019-11-05,2.5300000000000002,13.1,80.7201,3311.93
2019-11-06,2.537,12.62,80.1525,3338.0
2019-11-07,2.547,12.73,80.0187,3319.77
2019-11-08,2.546,12.07,79.9057,3339.41
2019-11-11,2.546,12.69,79.0293,3341.01
2019-11-12,2.535,12.68,79.0303,3409.0
2019-11-13,2.5359999999999996,13.0,78.9618,3428.85
2019-11-14,2.526,13.05,78.9189,3453.9
2019-11-15,2.516,12.05,79.0884,3426.23
2019-11-18,2.5450000000000004,12.46,78.3215,3442.27
2019-11-19,2.5359999999999996,12.86,77.8584,3439.5
2019-11-20,2.537,12.78,78.2804,3442.7
2019-11-21,2.529,13.13,78.6081,3420.4
2019-11-22,2.5309999999999997,12.34,78.7265,3425.0
2019-11-25,2.5500000000000003,11.87,78.5582,3435.15
2019-11-26,2.5730000000000004,11.54,78.6606,3475.95
2019-11-27,2.5630000000000006,11.75,78.3376,3509.02
2019-11-28,2.5630000000000006,11.75,78.3376,3513.0
2019-11-29,2.459,12.62,77.1108,3516.93
2019-12-02,2.4800000000000004,14.91,77.1353,3508.77
2019-12-03,2.561,15.96,77.3437,3504.4
2019-12-04,2.5700000000000003,14.8,77.8463,3471.0
2019-12-05,2.5620000000000003,14.52,78.11,3458.45
2019-12-06,2.5630000000000006,13.62,78.2393,3425.13
2019-12-09,2.549,15.86,78.1409,3418.88
2019-12-10,2.556,15.68,78.5158,3405.35
2019-12-11,2.5650000000000004,14.99,78.3297,3376.3
2019-12-12,2.575,13.94,79.0736,3373.05
2019-12-13,2.564,12.63,79.4136,3375.85
2019-12-16,2.4850000000000003,12.14,80.1912,3354.55
2019-12-17,2.5650000000000004,12.29,80.293,3343.04
2019-12-18,2.5759999999999996,12.58,80.1387,3327.55
2019-12-19,2.5759999999999996,12.5,80.3466,3315.5
2019-12-20,2.5759999999999996,12.51,80.3939,3331.7
2019-12-23,2.5850000000000004,12.61,80.2219,3312.75
2019-12-24,2.5829999999999997,12.67,80.6645,3299.0
2019-12-25,2.5829999999999997,12.67,80.6645,3299.0
2019-12-26,2.587,12.65,81.2675,3286.2
2019-12-27,2.5789999999999997,13.43,81.3512,3301.25
2019-12-30,2.5709999999999997,14.82,81.392,3287.5
2019-12-31,2.561,13.78,80.8871,3277.14
2020-01-01,2.561,13.78,80.8871,3277.14
2020-01-02,2.574,12.47,81.0008,3255.95
2020-01-03,2.566,14.02,81.3663,3263.95
2020-01-06,2.566,13.85,81.643,3262.05
2020-01-07,2.552,13.79,81.5737,3273.0
2020-01-08,2.559,13.45,80.5801,3246.88
2020-01-09,2.5600000000000005,12.54,80.4546,3255.98
2020-01-10,2.5620000000000003,12.56,80.7052,3271.95
2020-01-13,2.5700000000000003,12.32,80.2913,3269.45
2020-01-14,2.5570000000000004,12.39,80.3484,3286.52
2020-01-15,2.547,12.42,80.0304,3298.9
2020-01-16,2.5570000000000004,12.32,79.6115,3322.4
2020-01-17,2.567,12.1,79.817,3332.0
2020-01-20,2.5650000000000004,12.1,79.817,3332.52
2020-01-21,2.567,12.85,79.2079,3353.52
2020-01-22,2.567,12.91,78.6737,3332.38
2020-01-23,2.5679999999999996,12.98,78.2283,3360.96
2020-01-24,2.5779999999999994,14.56,77.3191,3366.05
2020-01-27,2.5789999999999997,18.23,76.2333,3400.13
2020-01-28,2.5789999999999997,16.28,76.3192,3385.6
2020-01-29,2.5789999999999997,16.39,75.8597,3389.05
2020-01-30,2.527,15.49,75.1402,3414.75
2020-01-31,2.509,18.84,74.8374,3420.65
2020-02-03,2.519,17.97,74.0774,3395.75
2020-02-04,2.507,16.05,74.1003,3361.45
2020-02-05,2.518,15.15,74.7409,3362.48
2020-02-06,2.518,14.96,74.9629,3380.15
2020-02-07,2.5279999999999996,15.47,74.755,3414.45
2020-02-10,2.526,15.04,74.1987,3453.7
2020-02-11,2.527,15.18,74.3843,3420.43
2020-02-12,2.535,13.74,75.1566,3388.63
2020-02-13,2.5359999999999996,14.15,75.3197,3376.52
2020-02-14,2.526,13.68,75.3841,3392.1
2020-02-17,2.5279999999999996,13.68,75.3841,3397.77
2020-02-18,2.506,14.83,76.1062,3407.73
2020-02-19,2.5150000000000006,14.38,76.5688,3391.07
2020-02-20,2.5079999999999996,15.56,76.2138,3403.5
2020-02-21,2.526,17.08,76.2509,3381.61
2020-02-24,2.5250000000000004,25.03,74.9013,3432.47
2020-02-25,2.5150000000000006,27.85,74.2102,3430.44
2020-02-26,2.526,27.56,73.6315,3451.74
2020-02-27,2.5250000000000004,39.16,72.5776,3476.44
2020-02-28,2.5079999999999996,40.11,70.9799,3529.05
2020-03-02,2.518,33.42,72.4728,3495.55
2020-03-03,2.4650000000000007,36.82,73.1911,3459.59
2020-03-04,2.8779999999999997,31.99,73.2289,3473.82
2020-03-05,2.987,39.62,72.6831,3522.0
2020-03-06,3.007,41.94,70.7933,3586.14
2020-03-09,3.019,54.46,67.8483,3792.83
2020-03-10,3.0,47.3,69.2967,3795.93
2020-03-11,2.9570000000000003,53.9,68.3,3849.96
2020-03-12,2.9050000000000002,75.47,66.1642,3951.57
2020-03-13,3.007,57.83,65.3051,3981.25
2020-03-16,3.8470000000000004,82.69,62.5747,4090.0
2020-03-17,3.5629999999999997,75.91,62.0086,4022.8
2020-03-18,3.9949999999999997,76.45,59.4795,4100.77
2020-03-19,4.027,72.0,61.4271,4106.38
2020-03-20,4.005,66.04,61.0998,4092.34
2020-03-23,4.025,61.59,62.0083,4092.34
2020-03-24,4.0,61.67,63.7663,4104.03
2020-03-25,3.9650000000000003,63.95,63.9846,4079.91
2020-03-26,3.895,61.0,63.3252,3990.35
2020-03-27,3.77,65.54,62.7145,4037.79
2020-03-30,3.5900000000000003,57.08,62.0639,4060.75
2020-03-31,3.5450000000000004,53.54,61.8577,4055.75
2020-04-01,3.523,57.06,60.2898,4063.5
2020-04-02,3.5900000000000003,50.91,61.5486,4049.5
2020-04-03,3.583,46.8,62.1957,4015.0
2020-04-06,3.49,45.24,62.818,3978.85
2020-04-07,3.451,46.7,63.2193,3910.77
2020-04-08,3.455,43.35,63.1471,3895.2
2020-04-09,3.455,41.67,63.4759,3895.2
2020-04-10,3.455,41.67,63.4759,3895.2
2020-04-13,3.388,41.17,63.3847,3871.75
2020-04-14,3.42,37.76,63.0517,3854.08
2020-04-15,3.49,40.84,61.9659,3892.78
2020-04-16,3.5330000000000004,40.11,62.0546,3931.11
2020-04-17,3.5610000000000004,38.15,62.0936,3940.98
2020-04-20,3.57,43.83,61.978,3977.8
2020-04-21,3.595,45.41,59.5078,4047.6
2020-04-22,3.6,41.98,60.6816,4032.16
2020-04-23,3.5930000000000004,41.38,60.7754,4022.77
2020-04-24,3.56,35.93,60.2394,4043.2
2020-04-27,3.5300000000000002,33.29,59.5528,4060.55
2020-04-28,3.552,33.57,59.6414,4042.31
2020-04-29,3.5850000000000004,31.23,59.8758,3924.3
2020-04-30,3.585,34.15,60.8983,3942.86
2020-05-01,3.595,37.19,60.7066,3942.86
2020-05-04,3.103,35.97,60.9709,3988.38
2020-05-05,3.105,33.61,62.3085,3933.23
2020-05-06,3.108,34.12,61.4607,3965.09
2020-05-07,3.115,31.44,61.9955,3924.38
2020-05-08,3.096,27.98,62.32,3893.9
2020-05-11,3.09,27.57,61.7826,3898.13
2020-05-12,3.063,33.04,61.5521,3881.85
2020-05-13,3.075,35.28,60.6226,3912.86
2020-05-14,3.113,32.61,61.2871,3942.82
2020-05-15,3.0780000000000003,31.89,61.659,3914.45
2020-05-18,3.083,29.3,63.028,3852.52
2020-05-19,3.093,30.53,63.2376,3834.55
2020-05-20,3.1180000000000003,27.99,63.6046,3814.7
2020-05-21,3.09,29.53,63.0139,3769.55
2020-05-22,3.057,28.16,62.74,3780.68
2020-05-25,3.057,28.16,62.74,3780.68
2020-05-26,3.009,28.01,63.3501,3727.77
2020-05-27,3.053,27.62,62.6696,3733.65
2020-05-28,3.065,28.59,62.7703,3699.4
2020-05-29,3.093,27.51,63.5353,3732.0
2020-06-01,2.6189999999999998,28.23,63.5116,3718.97
2020-06-02,2.611,26.84,63.7825,3636.63
2020-06-03,2.629,25.66,63.9011,3606.95
2020-06-04,2.623,25.81,64.3526,3590.75
2020-06-05,2.604,24.52,64.6941,3575.13
2020-06-08,2.5980000000000003,25.81,64.6415,3607.38
2020-06-09,2.585,27.57,64.7268,3657.38
2020-06-10,2.593,27.57,65.0033,3673.38
2020-06-11,2.5749999999999997,40.79,64.0925,3774.11
2020-06-12,2.5909999999999997,36.09,63.7057,3779.15
2020-06-15,2.581,34.4,63.6461,3779.15
2020-06-16,2.5700000000000003,33.67,63.9419,3749.55
2020-06-17,2.568,33.47,64.0727,3748.91
2020-06-18,2.579,32.94,64.1194,3753.15
2020-06-19,2.591,35.12,64.5736,3740.7
2020-06-22,2.601,31.77,64.832,3740.7
2020-06-23,2.612,31.37,64.7104,3699.63
2020-06-24,2.5989999999999998,33.84,63.7083,3727.45
2020-06-25,2.589,32.22,63.4476,3731.52
2020-06-26,2.601,34.73,63.2194,3750.17
2020-06-29,2.601,31.78,64.2432,3750.17
2020-06-30,2.589,30.43,64.9762,3757.75
2020-07-01,2.325,28.62,65.1837,3715.55
2020-07-02,2.326,27.68,65.6325,3642.8
2020-07-03,2.319,27.68,65.6325,3651.68
2020-07-06,2.328,27.94,66.1801,3637.19
2020-07-07,2.318,29.43,66.5414,3625.61
2020-07-08,2.32,28.08,66.7927,3641.33
2020-07-09,2.324,29.26,66.3463,3622.75
2020-07-10,2.3249999999999997,27.29,66.636,3621.61
2020-07-13,2.3289999999999997,32.19,66.4895,3620.45
2020-07-14,2.323,29.52,66.176,3623.05
2020-07-15,2.305,27.76,66.6653,3623.2
2020-07-16,2.308,28.0,66.4732,3643.07
2020-07-17,2.3049999999999997,25.68,66.4947,3650.9
2020-07-20,2.3049999999999997,24.46,66.3101,3650.9
2020-07-21,2.315,24.84,67.2868,3623.19
2020-07-22,2.335,24.32,67.7392,3638.07
2020-07-23,2.33,26.08,68.1245,3668.45
2020-07-24,2.322,25.84,68.1503,3693.28
2020-07-27,2.3129999999999997,24.74,68.5025,3677.7
2020-07-28,2.311,25.44,68.531,3724.9
2020-07-29,2.321,24.1,68.9933,3705.97
2020-07-30,2.302,24.76,68.2531,3723.53
2020-07-31,2.294,24.46,68.6767,3732.83
2020-08-03,2.077,24.28,69.9049,3768.9
2020-08-04,2.0660000000000003,23.76,70.5438,3780.49
2020-08-05,2.075,22.99,71.1918,3776.23
2020-08-06,2.076,22.65,71.3393,3741.5
2020-08-07,2.076,22.21,70.4501,3772.64
2020-08-10,2.075,22.13,70.9032,3774.4
2020-08-11,2.065,24.03,69.8914,3741.4
2020-08-12,2.075,22.28,70.2701,3758.25
2020-08-13,2.0740000000000003,22.13,70.8373,3771.45
2020-08-14,2.071,22.05,70.8064,3792.27
2020-08-17,2.061,21.35,72.0179,3792.27
2020-08-18,2.0700000000000003,21.51,72.4739,3782.8
2020-08-19,2.071,22.54,72.3346,3758.04
2020-08-20,2.0900000000000003,22.72,71.7823,3803.35
2020-08-21,2.0900000000000003,22.54,71.4586,3837.7
2020-08-24,2.0909999999999997,22.37,71.6534,3855.84
2020-08-25,2.092,22.03,72.0165,3868.18
2020-08-26,2.101,23.27,72.2972,3835.95
2020-08-27,2.101,24.47,72.6157,3815.68
2020-08-28,2.0980000000000003,22.96,73.1354,3745.28
2020-08-31,2.0820000000000003,26.41,73.315,3741.1
2020-09-01,1.845,26.12,73.5024,3678.55
2020-09-02,1.8499999999999999,26.57,72.8335,3655.3
2020-09-03,1.843,33.6,72.2969,3693.1
2020-09-04,1.861,30.75,72.3908,3715.38
2020-09-07,1.8619999999999999,30.75,72.3908,3715.38
2020-09-08,1.863,31.46,71.3958,3738.2
2020-09-09,1.857,28.81,71.704,3715.93
2020-09-10,1.849,29.71,71.489,3708.36
2020-09-11,1.843,26.87,71.5564,3708.25
2020-09-14,1.8379999999999999,25.85,71.7452,3698.02
2020-09-15,1.841,25.59,71.7964,3700.7
2020-09-16,1.8439999999999999,26.04,72.2976,3686.93
2020-09-17,1.8459999999999999,26.46,72.3869,3715.94
2020-09-18,1.8599999999999999,25.83,72.9672,3736.96
2020-09-21,1.8699999999999999,27.78,71.158,3790.18
2020-09-22,1.882,26.86,70.9965,3828.88
2020-09-23,1.89,28.58,70.7668,3864.04
2020-09-24,1.882,28.51,70.866,3827.5
2020-09-25,1.8739999999999999,26.38,70.687,3887.15
2020-09-28,1.634,26.19,70.9886,3871.6
2020-09-29,1.648,26.27,70.2685,3887.49
2020-09-30,1.637,26.37,70.8516,3829.18
2020-10-01,1.631,26.7,70.2483,3845.06
2020-10-02,1.613,27.63,69.8026,3870.82
2020-10-05,1.6219999999999999,27.96,71.0452,3830.1
2020-10-06,1.6079999999999999,29.48,71.3957,3832.18
2020-10-07,1.615,28.06,71.8011,3838.6
2020-10-08,1.63,26.36,72.1571,3839.34
2020-10-09,1.613,25.0,73.2507,3826.52
2020-10-12,1.613,25.07,72.7782,3825.98
2020-10-13,1.615,26.07,72.5698,3862.07
2020-10-14,1.6179999999999999,26.4,72.9956,3837.26
2020-10-15,1.6099999999999999,26.97,73.4361,3849.49
2020-10-16,1.621,27.41,73.384,3849.48
2020-10-19,1.621,29.18,73.5685,3844.7
2020-10-20,1.632,29.35,73.9302,3821.65
2020-10-21,1.642,28.65,74.1266,3768.84
2020-10-22,1.64,28.11,73.8375,3785.48
2020-10-23,1.628,27.55,73.5659,3788.34
2020-10-26,1.6199999999999999,32.46,73.2292,3814.09
2020-10-27,1.621,33.35,73.584,3810.48
2020-10-28,1.629,40.28,72.1367,3835.55
2020-10-29,1.617,37.59,71.6138,3835.55
2020-10-30,1.6139999999999999,38.02,71.8436,3870.94
2020-11-02,1.5939999999999999,37.13,72.1251,3870.94
2020-11-03,1.607,35.55,72.2588,3820.1
2020-11-04,1.605,29.57,72.6915,3815.03
2020-11-05,1.5939999999999999,27.58,73.1916,3764.57
2020-11-06,1.597,24.86,72.8223,3722.51
2020-11-09,1.607,25.75,72.7483,3648.6
2020-11-10,1.6119999999999999,24.8,73.9644,3628.98
2020-11-11,1.609,23.45,74.0021,3632.38
2020-11-12,1.617,25.35,73.7197,3643.18
2020-11-13,1.617,23.1,73.7271,3639.63
2020-11-16,1.607,22.45,73.7721,3639.63
2020-11-17,1.619,22.71,73.8867,3638.99
2020-11-18,1.63,23.84,74.1894,3644.92
2020-11-19,1.647,23.11,73.5352,3649.12
2020-11-20,1.659,23.7,74.1352,3641.75
2020-11-23,1.659,22.66,74.1582,3644.82
2020-11-24,1.634,21.64,74.7333,3639.71
2020-11-25,1.631,21.25,74.8049,3620.26
2020-11-26,1.632,21.25,74.8049,3616.85
2020-11-27,1.631,20.84,74.8153,3613.02
2020-11-30,1.621,20.57,74.3612,3600.75
2020-12-01,1.632,20.77,74.5522,3570.65
2020-12-02,1.633,21.17,74.4985,3530.71
2020-12-03,1.633,21.28,74.0674,3476.1
2020-12-04,1.623,20.79,74.2999,3467.04
2020-12-07,1.636,21.3,73.9416,3487.87
2020-12-08,1.646,20.68,73.6746,3487.87
2020-12-09,1.633,22.27,73.9481,3465.68
2020-12-10,1.631,22.52,74.8882,3439.45
2020-12-11,1.631,23.31,74.8682,3435.54
2020-12-14,1.63,24.72,75.1855,3429.97
2020-12-15,1.6219999999999999,22.89,75.7082,3424.97
2020-12-16,1.623,22.5,76.0205,3418.14
2020-12-17,1.621,21.93,76.859,3412.43
2020-12-18,1.621,21.57,77.3211,3419.94
2020-12-21,1.621,25.16,76.9651,3427.28
2020-12-22,1.641,24.23,76.5528,3451.75
2020-12-23,1.652,23.31,77.0301,3488.25
2020-12-24,1.631,21.53,77.0269,3499.47
2020-12-25,1.631,21.53,77.0269,3499.47
2020-12-28,1.6219999999999999,21.7,76.5046,3495.02
2020-12-29,1.6059999999999999,23.08,77.1093,3480.71
2020-12-30,1.6119999999999999,22.77,77.5922,3429.73
2020-12-31,1.632,22.75,78.0543,3429.73
2021-01-01,1.632,22.75,78.0543,3429.73
2021-01-04,1.597,26.97,78.6378,3432.69
2021-01-05,1.5759999999999998,25.34,80.3327,3446.24
2021-01-06,1.585,25.07,80.2747,3425.09
2021-01-07,1.591,22.37,80.3132,3474.13
2021-01-08,1.5999999999999999,21.56,79.6586,3475.8
2021-01-11,1.5999999999999999,24.08,79.4886,3475.8
2021-01-12,1.615,23.33,80.6256,3483.5
2021-01-13,1.613,22.21,80.6141,3478.77
2021-01-14,1.613,23.25,81.2161,3462.02
2021-01-15,1.6119999999999999,24.34,80.4577,3465.69
2021-01-18,1.6179999999999999,24.34,80.4577,3480.35
2021-01-19,1.6239999999999999,23.24,80.0501,3487.04
2021-01-20,1.631,21.58,80.3019,3471.73
2021-01-21,1.653,21.32,80.2898,3479.85
2021-01-22,1.646,21.91,79.1128,3527.05
2021-01-25,1.639,23.19,79.9765,3589.13
2021-01-26,1.67,23.02,80.4799,3596.38
2021-01-27,1.674,37.21,80.4518,3621.18
2021-01-28,1.666,30.21,79.9919,3572.99
2021-01-29,1.645,33.09,80.0981,3575.78
2021-02-01,1.641,30.24,81.5962,3568.8
2021-02-02,1.642,25.56,81.2652,3530.27
2021-02-03,1.642,22.91,81.8088,3528.58
2021-02-04,1.661,21.77,81.9778,3555.52
2021-02-05,1.692,20.87,82.4711,3547.25
2021-02-08,1.692,21.24,83.5421,3561.38
2021-02-09,1.662,21.63,83.7736,3582.55
2021-02-10,1.651,21.99,83.5314,3557.99
2021-02-11,1.651,21.25,83.4745,3527.71
2021-02-12,1.662,19.97,84.0621,3510.12
2021-02-15,1.662,19.97,84.0621,3501.84
2021-02-16,1.651,21.46,85.0496,3521.39
2021-02-17,1.651,21.5,85.2003,3540.46
2021-02-18,1.681,22.49,85.2395,3539.68
2021-02-19,1.691,22.05,85.3002,3559.25
2021-02-22,1.68,23.45,86.6999,3597.85
2021-02-23,1.697,23.11,86.6185,3590.88
2021-02-24,1.687,21.34,87.5827,3571.22
2021-02-25,1.675,28.89,87.1179,3592.82
2021-02-26,1.689,27.95,85.2778,3608.27
2021-03-01,1.676,23.35,84.7821,3616.94
2021-03-02,1.652,24.1,85.2537,3637.01
2021-03-03,1.652,26.67,84.8705,3661.06
2021-03-04,1.674,28.57,84.7819,3643.62
2021-03-05,1.677,24.66,85.8592,3635.33
2021-03-08,1.672,25.47,85.3688,3615.32
2021-03-09,1.666,24.03,85.4207,3598.41
2021-03-10,1.659,22.56,85.3416,3582.17
2021-03-11,1.658,21.91,86.2749,3542.72
2021-03-12,1.61,20.69,85.9584,3568.25
2021-03-15,1.604,20.03,85.9626,3572.19
2021-03-16,1.6199999999999999,19.79,85.9592,3558.49
2021-03-17,1.645,19.23,85.6924,3567.33
2021-03-18,1.658,21.58,83.6598,3570.78
2021-03-19,1.662,20.95,84.5202,3551.6
2021-03-22,1.662,18.88,84.6687,3551.6
2021-03-23,1.66,20.3,83.1803,3579.04
2021-03-24,1.67,21.2,84.3452,3614.09
2021-03-25,1.67,19.81,82.9932,3614.09
2021-03-26,1.67,18.86,84.1319,3667.92
2021-03-29,1.667,20.74,83.9328,3680.71
2021-03-30,1.678,19.61,82.7525,3720.43
2021-03-31,1.672,19.4,83.4445,3704.37
2021-04-01,1.672,17.33,83.8339,3704.37
2021-04-02,1.672,17.33,83.8339,3704.37
2021-04-05,1.675,17.91,83.0088,3660.2
2021-04-06,1.674,18.12,83.6052,3646.17
2021-04-07,1.678,17.16,83.7649,3643.11
2021-04-08,1.68,16.95,84.3968,3642.07
2021-04-09,1.686,16.69,84.0279,3639.01
2021-04-12,1.678,16.91,83.5819,3653.54
2021-04-13,1.682,16.65,84.3167,3666.46
2021-04-14,1.686,16.99,85.8804,3672.36
2021-04-15,1.683,16.57,86.5611,3612.88
2021-04-16,1.683,16.25,86.5268,3609.7
2021-04-19,1.69,17.29,86.7849,3602.02
2021-04-20,1.69,18.68,86.9782,3639.46
2021-04-21,1.693,17.5,87.2667,3627.09
2021-04-22,1.698,18.71,87.9709,3637.61
2021-04-23,1.699,17.33,88.4025,3639.63
2021-04-26,1.7,17.64,89.5237,3652.5
2021-04-27,1.7,17.56,90.0768,3715.51
2021-04-28,1.696,17.28,90.1887,3708.85
2021-04-29,1.701,17.61,90.1666,3710.47
2021-04-30,1.705,18.61,90.361,3729.88
2021-05-03,1.706,18.31,90.9651,3819.67
2021-05-04,1.707,19.48,91.6533,3824.86
2021-05-05,1.706,19.15,92.2249,3845.59
2021-05-06,1.706,18.39,92.8708,3821.25
2021-05-07,1.706,16.69,93.7349,3763.64
2021-05-10,1.7,19.66,93.1553,3740.42
2021-05-11,1.699,21.84,93.865,3708.81
2021-05-12,1.704,27.59,93.8772,3747.06
2021-05-13,1.704,23.13,91.7009,3729.79
2021-05-14,1.704,18.81,91.9824,3704.54
2021-05-17,1.704,19.72,93.2504,3704.54
2021-05-18,1.705,21.34,93.1516,3666.45
2021-05-19,1.707,22.18,91.4413,3672.45
2021-05-20,1.711,20.67,90.8886,3696.84
2021-05-21,1.715,20.15,90.8946,3746.15
2021-05-24,1.709,18.4,91.5824,3736.25
2021-05-25,1.712,18.84,91.3895,3734.9
2021-05-26,1.712,17.36,91.6044,3743.15
2021-05-27,1.715,16.74,92.8029,3729.19
2021-05-28,1.716,16.76,92.8252,3707.15
2021-05-31,1.706,16.76,92.8252,3711.95
2021-06-01,1.705,17.9,94.139,3666.21
2021-06-02,1.708,17.48,94.4461,3649.8
2021-06-03,1.711,18.04,93.2629,3646.58
2021-06-04,1.708,16.42,94.6845,3599.98
2021-06-07,1.708,16.42,94.1594,3599.98
2021-06-08,1.707,17.07,94.7736,3604.85
2021-06-09,1.704,17.89,94.8034,3591.9
2021-06-10,1.702,16.1,95.0283,3589.94
2021-06-11,1.703,15.65,94.9903,3603.44
2021-06-14,1.703,16.39,94.314,3603.44
2021-06-15,1.703,17.02,93.5422,3663.95
2021-06-16,1.702,18.15,93.4144,3678.23
2021-06-17,1.662,17.75,90.1018,3713.35
2021-06-18,1.662,20.7,90.933,3745.4
2021-06-21,1.662,17.89,91.5595,3759.14
2021-06-22,1.661,16.66,91.5248,3782.27
2021-06-23,1.662,16.32,92.2513,3784.94
2021-06-24,1.662,15.97,92.3561,3774.42
2021-06-25,1.662,15.62,92.437,3731.85
2021-06-28,1.662,15.76,93.0665,3708.75
2021-06-29,1.662,16.02,93.1987,3767.41
2021-06-30,1.662,15.83,94.5412,3752.35
2021-07-01,1.661,15.48,94.6891,3784.65
2021-07-02,1.662,15.07,94.9753,3743.27
2021-07-05,1.662,15.07,94.9753,3743.27
2021-07-06,1.664,16.44,92.7971,3787.46
2021-07-07,1.663,16.2,92.4746,3831.4
2021-07-08,1.664,19.0,92.5763,3843.38
2021-07-09,1.662,16.18,93.4966,3834.01
2021-07-12,1.662,16.17,93.9659,3823.02
2021-07-13,1.664,17.12,94.4802,3824.41
2021-07-14,1.663,16.33,94.4088,3794.99
2021-07-15,1.664,17.01,94.1287,3802.23
2021-07-16,1.665,18.45,94.4305,3809.99
2021-07-19,1.667,22.5,92.0902,3854.89
2021-07-20,1.667,19.73,93.3119,3854.89
2021-07-21,1.666,17.91,94.7001,3854.63
2021-07-22,1.666,17.69,95.5058,3870.01
2021-07-23,1.666,17.2,95.6888,3869.56
2021-07-26,1.666,17.58,96.6417,3908.43
2021-07-27,1.666,19.36,95.8341,3919.06
2021-07-28,1.665,18.31,96.1806,3905.47
2021-07-29,1.662,17.7,97.5057,3867.61
2021-07-30,1.662,18.24,96.2754,3830.75
2021-08-02,1.662,19.46,95.7473,3886.29
2021-08-03,1.664,18.04,95.3477,3911.09
2021-08-04,1.664,17.97,94.8532,3909.46
2021-08-05,1.664,17.28,95.3019,3910.18
2021-08-06,1.664,16.15,94.6853,3957.44
2021-08-09,1.663,16.72,93.1239,3997.33
2021-08-10,1.663,16.79,94.3816,3969.9
2021-08-11,1.663,16.06,94.9615,3944.04
2021-08-12,1.663,15.59,94.9793,3858.58
2021-08-13,1.663,15.45,95.17,3846.38
2021-08-16,1.663,16.12,95.0249,3846.38
2021-08-17,1.664,17.91,93.9928,3879.42
2021-08-18,1.664,21.57,93.4924,3852.32
2021-08-19,1.664,21.67,91.915,3870.11
2021-08-20,1.664,18.56,91.1605,3872.2
2021-08-23,1.664,17.15,93.1364,3876.48
2021-08-24,1.667,17.22,94.3806,3866.65
2021-08-25,1.667,16.79,94.7623,3865.0
2021-08-26,1.669,18.84,94.9512,3866.14
2021-08-27,1.671,16.39,96.3507,3829.46
2021-08-30,1.67,16.19,96.1791,3815.79
2021-08-31,1.669,16.48,95.9859,3771.96
2021-09-01,1.671,16.11,96.0661,3762.93
2021-09-02,1.674,16.41,96.7142,3797.56
2021-09-03,1.677,16.41,97.1166,3800.6
2021-09-06,1.678,16.41,97.1166,3794.52
2021-09-07,1.675,18.14,95.7925,3813.82
2021-09-08,1.666,17.96,96.6888,3834.76
2021-09-09,1.661,18.8,96.5663,3853.15
2021-09-10,1.661,20.95,97.1053,3838.69
2021-09-13,1.665,19.37,97.6737,3833.47
2021-09-14,1.669,19.46,97.8584,3829.92
2021-09-15,1.672,18.18,99.5834,3814.78
2021-09-16,1.677,18.69,98.5901,3816.97
2021-09-17,1.681,20.81,97.5465,3830.0
2021-09-20,1.683,25.71,96.0519,3842.8
2021-09-21,1.684,24.36,95.7663,3838.39
2021-09-22,1.685,20.87,97.1467,3832.01
2021-09-23,1.685,18.63,98.2353,3833.42
2021-09-24,1.688,17.75,98.9774,3837.65
2021-09-27,1.691,18.76,100.8251,3843.52
2021-09-28,1.693,23.25,100.9161,3834.9
2021-09-29,1.694,22.56,99.5976,3839.97
2021-09-30,1.695,23.14,100.7581,3807.8
2021-10-01,1.923,21.15,100.927,3793.38
2021-10-04,1.929,22.96,102.0533,3795.4
2021-10-05,1.93,21.3,103.8534,3785.05
2021-10-06,1.926,21.0,101.5926,3787.56
2021-10-07,1.925,19.54,102.3416,3774.5
2021-10-08,1.912,18.77,102.6205,3766.81
2021-10-11,1.915,20.0,102.7131,3761.39
2021-10-12,1.909,19.85,102.7287,3721.18
2021-10-13,1.919,18.64,103.2766,3744.4
2021-10-14,1.923,16.86,104.4107,3771.35
2021-10-15,1.927,16.3,104.729,3767.47
2021-10-18,1.927,16.31,103.6177,3770.62
2021-10-19,1.948,15.7,103.9065,3767.2
2021-10-20,1.931,15.49,105.1448,3767.56
2021-10-21,1.929,15.01,103.19,3780.25
2021-10-22,1.911,15.43,103.7541,3774.11
2021-10-25,1.915,15.24,105.8398,3767.8
2021-10-26,1.912,15.98,105.6777,3769.23
2021-10-27,1.917,16.98,105.0775,3759.45
2021-10-28,1.922,16.53,104.2984,3777.75
2021-10-29,1.916,16.26,103.3578,3767.37
2021-11-01,1.916,16.41,103.6426,3767.37
2021-11-02,2.395,16.03,104.2177,3795.98
2021-11-03,2.4040000000000004,15.1,103.1319,3834.24
2021-11-04,2.4080000000000004,15.44,102.5742,3869.34
2021-11-05,2.4010000000000002,16.48,102.7359,3878.85
2021-11-08,2.4000000000000004,17.22,102.7802,3876.38
2021-11-09,2.398,17.78,102.4712,3862.9
2021-11-10,2.407,18.73,102.0168,3881.91
2021-11-11,2.415,17.66,103.3308,3878.63
2021-11-12,2.414,16.29,102.7969,3884.63
2021-11-15,2.414,16.49,103.1564,3884.63
2021-11-16,2.415,16.37,103.3382,3895.34
2021-11-17,2.406,17.11,102.408,3918.43
2021-11-18,2.415,17.59,102.5491,3925.4
2021-11-19,2.415,17.91,102.3109,3916.18
2021-11-22,2.419,19.17,102.093,3894.82
2021-11-23,2.4010000000000002,19.38,103.2419,3949.88
2021-11-24,2.418,18.58,103.5881,3975.13
2021-11-25,2.423,18.58,103.5881,3984.3
2021-11-26,2.427,28.62,100.103,4015.7
2021-11-29,2.4250000000000003,22.96,98.7195,4035.59
2021-11-30,2.423,27.19,95.7976,3962.76
2021-12-01,2.4200000000000004,31.12,95.203,3971.56
2021-12-02,2.4170000000000003,27.95,95.1181,3938.27
2021-12-03,2.4170000000000003,30.67,95.7939,3967.44
2021-12-06,2.4240000000000004,27.18,95.6962,3932.17
2021-12-07,2.4170000000000003,21.89,96.6927,3910.65
2021-12-08,2.4170000000000003,19.9,97.253,3905.56
2021-12-09,2.4170000000000003,21.58,96.5513,3903.02
2021-12-10,2.415,18.69,96.8966,3901.3
2021-12-13,2.415,20.31,96.4993,3890.83
2021-12-14,2.4090000000000003,21.89,95.9836,4003.09
2021-12-15,2.4090000000000003,19.29,95.5179,4000.1
2021-12-16,2.407,20.57,97.0352,4019.45
2021-12-17,2.4040000000000004,21.57,96.4217,4028.13
2021-12-20,2.878,22.87,95.3807,4007.16
2021-12-21,2.855,21.01,97.145,4001.07
2021-12-22,2.858,18.63,98.7249,3999.62
2021-12-23,2.862,17.96,98.8989,3998.88
2021-12-24,2.865,17.96,98.8989,3993.43
2021-12-27,2.866,17.68,100.3759,3999.42
2021-12-28,2.8640000000000003,17.54,100.0572,4011.35
2021-12-29,2.863,16.95,100.1863,4038.04
2021-12-30,2.855,17.33,99.4285,4080.32
2021-12-31,2.855,17.22,99.1694,4080.32
2022-01-03,2.8640000000000003,16.6,99.464,4061.8
2022-01-04,2.847,16.91,100.5795,4081.55
2022-01-05,2.861,19.73,101.1573,4024.35
2022-01-06,2.8640000000000003,19.61,100.7846,4033.05
2022-01-07,2.866,18.76,101.2864,4051.08
2022-01-10,2.866,19.4,100.8585,4051.98
2022-01-11,2.866,18.41,102.7651,3993.25
2022-01-12,2.866,17.62,104.4179,3974.38
2022-01-13,2.867,20.31,103.048,3967.85
2022-01-14,2.8720000000000003,19.19,103.5431,4004.03
2022-01-17,2.8810000000000002,19.19,103.5431,4007.11
2022-01-18,2.9170000000000003,22.79,104.124,4038.09
2022-01-19,2.894,23.85,105.4421,3995.04
2022-01-20,2.912,25.59,105.7311,3977.23
2022-01-21,2.887,28.85,105.3587,3955.38
2022-01-24,2.892,29.9,104.6155,3977.05
2022-01-25,2.878,31.16,105.6162,3970.77
2022-01-26,2.89,31.96,106.6277,3930.4
2022-01-27,2.889,30.49,106.1891,3963.65
2022-01-28,2.8800000000000003,27.66,107.1477,3957.0
2022-01-31,3.825,24.83,107.8627,3947.01
2022-02-01,3.831,21.96,108.5735,3925.51
2022-02-02,3.833,22.09,110.2686,3932.49
2022-02-03,3.8360000000000003,24.35,109.3401,3954.19
2022-02-04,3.835,23.22,109.5738,3955.68
2022-02-07,3.8360000000000003,22.86,109.3966,3965.25
2022-02-08,3.83,21.44,108.913,3948.21
2022-02-09,3.844,19.96,109.743,3939.78
2022-02-10,3.834,23.91,109.4918,3920.2
2022-02-11,3.8280000000000003,27.36,109.8974,3930.02
2022-02-14,3.8280000000000003,28.33,111.1035,3944.5
2022-02-15,3.826,25.7,109.8897,3951.85
2022-02-16,3.826,24.29,111.674,3963.52
2022-02-17,3.8190000000000004,28.11,111.5362,3932.55
2022-02-18,3.8230000000000004,27.75,111.6303,3930.74
2022-02-21,3.8280000000000003,27.75,111.6303,3938.31
2022-02-22,3.833,28.81,113.5406,3930.57
2022-02-23,3.8280000000000003,31.02,114.3391,3912.9
2022-02-24,3.8360000000000003,30.32,115.267,3926.61
2022-02-25,3.827,27.59,112.3975,3913.0
2022-02-28,3.8190000000000004,30.15,114.5522,3937.94
2022-03-01,3.8160000000000003,33.32,119.2955,3884.13
2022-03-02,3.821,30.74,122.1001,3836.48
2022-03-03,3.822,30.48,122.9271,3756.42
2022-03-04,3.8200000000000003,31.98,127.0295,3826.49
2022-03-07,3.8230000000000004,36.45,130.8658,3812.31
2022-03-08,3.83,35.13,132.6339,3771.85
2022-03-09,3.826,32.45,125.8394,3742.9
2022-03-10,3.813,30.23,125.1253,3817.75
2022-03-11,3.785,30.75,126.392,3819.95
2022-03-14,3.7630000000000003,31.77,123.799,3798.66
2022-03-15,3.6820000000000004,29.83,121.899,3831.95
2022-03-16,3.769,26.67,120.6707,3836.3
2022-03-17,3.5690000000000004,25.67,124.3487,3825.15
2022-03-18,3.5700000000000003,23.87,123.361,3817.04
2022-03-21,3.58,23.53,125.669,3817.04
2022-03-22,3.5919999999999996,22.94,125.5496,3761.61
2022-03-23,3.602,23.57,128.8447,3784.82
2022-03-24,3.606,21.67,129.1574,3788.23
2022-03-25,3.596,20.81,129.848,3794.11
2022-03-28,3.591,19.63,126.2061,3786.88
2022-03-29,3.564,18.9,123.6243,3756.11
2022-03-30,3.587,19.33,126.4538,3757.46
2022-03-31,3.5869999999999997,20.56,124.4109,3771.05
2022-04-01,4.51,19.63,123.8774,3754.66
2022-04-04,4.5120000000000005,18.57,125.5651,3706.02
2022-04-05,4.506,21.03,126.2058,3741.1
2022-04-06,4.506,22.1,124.5122,3750.45
2022-04-07,4.4910000000000005,21.55,124.9259,3769.5
2022-04-08,4.4910000000000005,21.16,126.4148,3754.0
2022-04-11,4.49,24.37,125.9407,3739.07
2022-04-12,4.498,24.26,128.8055,3732.73
2022-04-13,4.513,21.82,131.0126,3723.0
2022-04-14,4.513,22.7,132.4326,3721.5
2022-04-15,4.513,22.7,132.4326,3721.5
2022-04-18,4.518,22.17,134.9936,3733.42
2022-04-19,4.532,21.37,131.3248,3749.82
2022-04-20,4.545,20.32,131.0292,3760.66
2022-04-21,4.5600000000000005,22.68,131.2995,3766.66
2022-04-22,4.550000000000001,28.21,129.0307,3857.75
2022-04-25,4.542,27.02,126.8343,3933.44
2022-04-26,4.5329999999999995,33.52,128.2956,3942.93
2022-04-27,4.526,31.6,129.6554,3955.54
2022-04-28,4.535,29.99,129.1717,3981.27
2022-04-29,4.5409999999999995,33.4,129.4827,3960.95
2022-05-02,5.453,32.34,128.971,4010.02
2022-05-03,5.458,29.25,128.6199,4029.27
2022-05-04,5.453,25.42,131.4432,4066.36
2022-05-05,4.956,31.2,132.4048,4083.04
2022-05-06,4.951,30.19,130.3436,4053.93
2022-05-09,4.95,34.75,124.7593,4091.11
2022-05-10,4.920999999999999,32.99,124.6191,4074.07
2022-05-11,4.9399999999999995,32.56,127.4119,4086.02
2022-05-12,4.926,31.77,127.1488,4110.69
2022-05-13,4.948,28.87,128.3122,4109.88
2022-05-16,4.944,27.47,130.8399,4058.19
2022-05-17,4.947,26.1,131.6289,4029.43
2022-05-18,4.958,30.96,129.6334,4071.49
2022-05-19,4.96,29.35,131.1103,4053.3
2022-05-20,4.971,29.43,130.5458,3971.78
2022-05-23,4.97,28.48,132.3495,3977.52
2022-05-24,4.971,29.45,131.9297,3976.17
2022-05-25,4.9719999999999995,28.37,132.105,3936.63
2022-05-26,4.9719999999999995,27.5,133.2613,3922.0
2022-05-27,4.975,25.72,133.8715,3932.59
2022-05-30,4.975,26.54,133.8715,3932.59
2022-05-31,4.9639999999999995,26.19,131.343,3772.1
2022-06-01,4.966,25.69,132.8027,3799.92
2022-06-02,4.981,24.72,133.8311,3773.9
2022-06-03,4.992,24.79,133.8178,3788.32
2022-06-06,4.997,25.07,136.3127,3795.43
2022-06-07,5.0169999999999995,24.02,136.4088,3784.8
2022-06-08,5.017,23.96,136.0384,3807.14
2022-06-09,5.029,26.09,136.6096,3850.67
2022-06-10,5.03,27.75,135.4343,3940.95
2022-06-13,5.058999999999999,34.02,133.2447,3970.75
2022-06-14,5.085000000000001,32.69,129.0639,3967.8
2022-06-15,5.053999999999999,29.62,129.4447,3892.35
2022-06-16,4.309,32.95,130.3233,3900.17
2022-06-17,4.3149999999999995,31.13,126.7754,3902.05
2022-06-20,4.3149999999999995,31.03,126.7754,3902.05
2022-06-21,4.314,30.19,126.329,4023.94
2022-06-22,4.311999999999999,28.95,124.7315,4019.47
2022-06-23,4.321999999999999,29.05,120.9108,4108.38
2022-06-24,4.308,27.23,121.3129,4138.38
2022-06-27,4.268,26.95,121.844,4138.38
2022-06-28,4.247,28.36,122.6985,4096.76
2022-06-29,4.257000000000001,28.16,122.2785,4115.65
2022-06-30,4.247,28.71,117.0482,4155.11
2022-07-01,5.609,26.7,117.1284,4198.39
2022-07-04,5.609,27.53,117.1284,4188.58
2022-07-05,5.599,27.54,111.8706,4278.88
2022-07-06,5.602,26.73,110.7525,4352.71
2022-07-07,5.6049999999999995,26.08,115.1385,4395.35
2022-07-08,5.606999999999999,24.64,115.9131,4420.75
2022-07-11,5.608,26.17,116.3843,4575.04
2022-07-12,5.6,27.29,111.9622,4626.8
2022-07-13,5.608,26.82,113.6652,4490.4
2022-07-14,5.609,26.4,111.7193,4493.45
2022-07-15,5.59,24.23,113.4684,4361.45
2022-07-18,5.575,25.3,117.1397,4308.83
2022-07-19,5.582,24.5,116.0464,4321.85
2022-07-20,5.592,23.88,117.5544,4321.85
2022-07-21,5.604,23.11,115.8556,4424.39
2022-07-22,5.615,23.03,116.5236,4464.5
2022-07-25,5.587,23.36,118.072,4466.98
2022-07-26,5.598999999999999,24.69,119.3385,4446.58
2022-07-27,5.58,23.24,119.9368,4422.08
2022-07-28,4.8149999999999995,22.33,120.2881,4372.02
2022-07-29,4.813000000000001,21.33,121.827,4295.52
2022-08-01,6.223000000000001,22.84,119.8033,4269.95
2022-08-02,6.207,23.93,117.7836,4325.2
2022-08-03,6.222,21.95,117.8687,4307.25
2022-08-04,6.22,21.44,118.0448,4289.45
2022-08-05,6.229000000000001,21.15,117.8512,4348.02
2022-08-08,6.231,21.29,117.2995,4316.9
2022-08-09,6.216,21.77,118.657,4349.51
2022-08-10,6.226000000000001,19.74,120.7119,4273.0
2022-08-11,6.224,20.2,123.6355,4228.19
2022-08-12,6.220000000000001,19.53,123.2038,4160.1
2022-08-15,6.21,19.95,121.3813,4160.1
2022-08-16,6.219,19.69,121.544,4247.59
2022-08-17,6.216,19.9,121.3616,4345.24
2022-08-18,6.232000000000001,19.56,121.4756,4389.88
2022-08-19,6.234,20.6,122.3162,4377.35
2022-08-22,6.236000000000001,23.8,123.3756,4397.12
2022-08-23,6.24,24.11,123.9199,4357.39
2022-08-24,6.242000000000001,22.82,124.7489,4409.25
2022-08-25,6.234,21.78,124.1499,4393.1
2022-08-26,6.232000000000001,25.56,124.5972,4403.95
2022-08-29,6.226000000000001,26.21,125.605,4369.2
2022-08-30,6.207999999999999,26.21,122.5635,4421.52
2022-08-31,6.2139999999999995,25.87,121.6412,4429.17
2022-09-01,6.220999999999999,25.56,119.4641,4486.85
2022-09-02,6.213,25.47,119.1003,4482.63
2022-09-05,6.220999999999999,25.99,119.1003,4474.55
2022-09-06,6.222,26.91,117.4672,4478.55
2022-09-07,6.222000000000001,24.64,115.7208,4404.47
2022-09-08,6.223000000000001,23.61,116.1733,4397.19
2022-09-09,6.222000000000001,22.79,118.5179,4353.27
2022-09-12,6.216000000000001,23.87,120.78,4359.58
2022-09-13,6.2010000000000005,27.27,120.107,4412.0
2022-09-14,6.223000000000001,26.16,121.3896,4386.49
2022-09-15,6.226000000000001,26.27,117.7562,4418.66
2022-09-16,6.24,26.3,116.7431,4435.9
2022-09-19,6.241,25.76,116.8749,4406.2
2022-09-20,6.256,27.16,117.3242,4423.8
2022-09-21,6.273,27.99,116.9968,4403.75
2022-09-22,5.539,27.35,116.0139,4367.91
2022-09-23,5.547000000000001,29.92,112.4019,4448.02
2022-09-26,5.529,32.26,110.6013,4544.03
2022-09-27,5.529,32.6,110.4532,4559.81
2022-09-28,5.533999999999999,30.18,112.7518,4487.17
2022-09-29,5.553999999999999,31.84,112.5709,4530.47
2022-09-30,6.421999999999999,31.62,111.4887,4608.75
2022-10-03,6.413,30.1,112.7541,4530.05
2022-10-04,6.385000000000001,29.07,115.7081,4498.52
2022-10-05,6.388000000000001,28.55,116.4826,4582.2
2022-10-06,6.376,30.52,116.7247,4609.27
2022-10-07,6.3790000000000004,31.36,117.1356,4622.88
2022-10-10,6.380999999999999,32.45,116.0076,4606.02
2022-10-11,6.380999999999999,33.63,115.4479,4607.25
2022-10-12,6.393,33.57,114.6169,4607.33
2022-10-13,6.405,31.94,115.9979,4575.7
2022-10-14,6.401000000000001,32.02,113.6662,4698.5
2022-10-17,6.391000000000001,31.37,113.1218,4685.92
2022-10-18,6.403,30.5,111.8046,4766.05
2022-10-19,6.403,30.76,111.2009,4841.75
2022-10-20,6.413,29.98,111.449,4906.8
2022-10-21,6.408000000000001,29.69,111.271,4915.58
2022-10-24,6.425000000000001,29.85,111.6278,4990.7
2022-10-25,6.411,28.46,112.8293,4976.25
2022-10-26,6.416,27.28,113.8936,4886.46
2022-10-27,6.403,27.39,113.2491,4822.41
2022-10-28,6.367999999999999,25.75,111.7561,4833.4
2022-10-31,7.235,25.88,113.3532,4940.08
2022-11-01,7.245,25.81,113.5167,5008.67
2022-11-02,7.234000000000001,25.86,115.0882,5011.58
2022-11-03,6.483,25.3,113.6014,5075.25
2022-11-04,6.482,24.55,117.4946,5120.15
2022-11-07,6.502000000000001,24.35,118.1416,5120.15
2022-11-08,6.477,25.54,116.3446,4950.2
2022-11-09,6.493,26.09,114.5601,4878.71
2022-11-10,6.475000000000001,23.53,115.9968,4801.95
2022-11-11,6.470000000000001,22.52,116.8796,4808.95
2022-11-14,6.46,23.73,116.6252,4805.54
2022-11-15,6.478000000000001,24.54,117.5266,4858.7
2022-11-16,6.491,24.11,116.8407,4952.85
2022-11-17,6.505999999999999,23.93,115.1212,4992.25
2022-11-18,6.481000000000001,23.12,114.794,4988.42
2022-11-21,6.499,22.36,115.3334,4945.63
2022-11-22,6.488,21.29,116.3729,4905.27
2022-11-23,6.497000000000001,20.35,116.5097,4890.2
2022-11-24,6.495,20.42,116.5097,4885.58
2022-11-25,6.456,20.5,114.9175,4866.17
2022-11-28,6.47,22.21,114.3929,4834.51
2022-11-29,6.459999999999999,21.89,115.1879,4809.52
2022-11-30,6.427,20.58,116.0528,4834.25
2022-12-01,6.4719999999999995,19.84,116.079,4765.75
2022-12-02,6.481999999999999,19.06,114.4683,4776.65
2022-12-05,6.484999999999999,20.75,111.1317,4839.85
2022-12-06,6.487000000000001,22.17,109.979,4834.0
2022-12-07,6.483,22.68,110.7246,4827.99
2022-12-08,6.483,22.29,111.1893,4827.99
2022-12-09,6.497000000000001,22.83,111.7327,4809.6
2022-12-12,6.497000000000001,25.0,112.737,4849.2
2022-12-13,6.497000000000001,22.55,114.9612,4763.41
2022-12-14,6.492,21.14,114.549,4781.17
2022-12-15,5.9719999999999995,22.83,113.79,4793.72
2022-12-16,5.9719999999999995,22.62,112.7092,4787.8
2022-12-19,6.874,22.42,111.6411,4777.12
2022-12-20,6.863,21.48,111.9071,4769.23
2022-12-21,6.867,20.07,113.1305,4770.09
2022-12-22,6.867,21.97,111.2826,4761.78
2022-12-23,6.867,20.87,112.5557,4737.68
2022-12-26,6.851999999999999,20.87,112.5557,4741.75
2022-12-27,6.851,21.65,113.3564,4765.7
2022-12-28,6.848,22.14,112.6616,4774.5
2022-12-29,6.844,21.44,112.3937,4852.5
2022-12-30,6.844,21.67,112.8052,4852.5
2023-01-02,6.815,21.67,112.8052,4852.5
2023-01-03,6.78,22.9,110.3157,4896.24
2023-01-04,6.799,22.01,108.5645,4929.67
2023-01-05,6.8,22.46,107.3618,4966.75
2023-01-06,6.803,21.13,108.1114,4855.48
2023-01-09,6.803,21.97,109.2429,4855.48
2023-01-10,6.81,20.58,108.6524,4787.6
2023-01-11,6.826,21.09,109.6679,4733.1
2023-01-12,6.803999999999999,18.83,110.9404,4685.04
2023-01-13,6.825,18.35,111.5772,4688.68
2023-01-16,6.785000000000001,19.49,111.5772,4681.81
2023-01-17,6.789000000000001,19.36,112.0157,4734.3
2023-01-18,6.819999999999999,20.34,111.5941,4696.9
2023-01-19,6.81,20.52,111.8466,4669.98
2023-01-20,6.821000000000001,19.85,112.1277,4585.58
2023-01-23,6.8389999999999995,19.81,112.5185,4544.55
2023-01-24,6.8500000000000005,19.2,111.9141,4522.19
2023-01-25,6.851,19.08,111.7393,4538.83
2023-01-26,6.877,18.73,112.3885,4519.0
2023-01-27,6.876,18.51,111.611,4577.04
2023-01-30,7.546,19.94,110.7983,4654.9
2023-01-31,7.505,19.4,111.8001,4670.86
2023-02-01,7.526000000000001,17.87,109.5348,4625.24
2023-02-02,7.287,18.73,109.4116,4619.66
2023-02-03,7.287999999999999,18.33,107.0711,4697.77
2023-02-06,7.297,19.43,106.6752,4786.74
2023-02-07,7.303999999999999,18.66,108.1139,4727.5
2023-02-08,7.315,19.63,108.0934,4761.02
2023-02-09,7.3180000000000005,20.71,107.9031,4736.06
2023-02-10,7.324000000000001,20.53,108.6756,4799.67
2023-02-13,7.324000000000001,20.34,108.5619,4787.75
2023-02-14,7.3389999999999995,18.91,108.7588,4797.54
2023-02-15,7.337000000000001,18.23,107.4009,4925.01
2023-02-16,7.317000000000001,20.17,107.4432,4924.13
2023-02-17,7.295000000000001,20.02,106.5327,4906.4
2023-02-20,7.3020000000000005,21.23,106.5327,4913.74
2023-02-21,7.319,22.87,107.0443,4959.95
2023-02-22,7.326,22.29,106.1328,4896.2
2023-02-23,7.319999999999999,21.14,105.9813,4857.38
2023-02-24,7.279000000000001,21.67,105.5489,4837.13
2023-02-27,7.250000000000001,20.95,105.9698,4761.75
2023-02-28,7.1450000000000005,20.7,106.1591,4862.66
2023-03-01,7.1209999999999996,20.58,107.2923,4832.35
2023-03-02,7.098,19.59,106.9377,4806.59
2023-03-03,7.125000000000001,18.49,108.3105,4784.42
2023-03-06,7.1659999999999995,18.61,107.3258,4704.96
2023-03-07,7.274,19.59,105.7738,4767.74
2023-03-08,7.173000000000001,19.11,105.0476,4777.66
2023-03-09,7.075,22.61,104.1983,4777.66
2023-03-10,7.037,24.8,104.5533,4713.45
2023-03-13,7.0200000000000005,26.52,105.1314,4768.17
2023-03-14,7.0680000000000005,23.73,104.2085,4740.71
2023-03-15,7.07,26.14,102.152,4844.01
2023-03-16,7.182,22.99,102.7609,4877.04
2023-03-17,7.205000000000001,25.51,102.5945,4827.25
2023-03-20,7.205000000000001,24.15,102.5698,4827.25
2023-03-21,7.205000000000001,21.38,102.707,4803.06
2023-03-22,7.213,22.26,102.5711,4768.04
2023-03-23,6.920000000000001,22.61,102.5509,4742.88
2023-03-24,6.9479999999999995,21.74,103.0238,4735.7
2023-03-27,6.9590000000000005,20.6,103.7487,4687.87
2023-03-28,6.939,19.97,104.362,4668.47
2023-03-29,6.9990000000000006,19.12,104.1591,4614.33
2023-03-30,7.009,19.02,104.3921,4623.09
2023-03-31,7.152,18.7,105.5076,4623.09
2023-04-03,7.175000000000001,18.55,106.5337,4604.77
2023-04-04,7.218,19.0,106.5169,4582.35
2023-04-05,7.247000000000001,19.08,106.6344,4568.55
2023-04-06,7.247000000000001,18.4,106.2398,4568.55
2023-04-07,7.247000000000001,18.4,106.2398,4568.55
2023-04-10,7.239,18.97,106.2505,4556.34
2023-04-11,7.233,19.1,107.1386,4509.46
2023-04-12,7.236,19.09,107.6193,4450.46
2023-04-13,7.223,17.8,107.7188,4418.67
2023-04-14,7.252,17.07,107.8204,4414.93
2023-04-17,7.261,16.95,108.0345,4437.46
2023-04-18,7.264,16.83,108.7529,4491.38
2023-04-19,7.264,16.46,107.3306,4520.89
2023-04-20,7.264,17.17,106.3893,4537.3
2023-04-21,7.264,16.77,105.5753,4514.3
2023-04-24,7.273000000000001,16.89,105.9963,4482.52
2023-04-25,7.281,18.76,104.6145,4477.33
2023-04-26,7.282000000000001,18.84,103.4534,4534.0
2023-04-27,7.275000000000001,17.03,103.3361,4652.06
2023-04-28,7.276000000000001,15.78,104.3114,4695.27
2023-05-01,7.276000000000001,16.08,103.6653,4695.27
2023-05-02,7.4799999999999995,17.78,102.3281,4694.14
2023-05-03,7.4750000000000005,18.34,101.5413,4662.52
2023-05-04,7.2250000000000005,20.09,101.6529,4602.98
2023-05-05,7.224000000000001,17.19,102.9563,4524.86
2023-05-08,7.226,16.98,103.6997,4508.6
2023-05-09,7.217,17.71,103.5492,4556.24
2023-05-10,7.226,16.94,102.734,4547.33
2023-05-11,7.235,16.93,101.1199,4567.13
2023-05-12,7.238,17.03,101.1839,4552.89
2023-05-15,7.228000000000001,17.12,102.3245,4492.5
2023-05-16,7.238,17.99,101.1662,4526.18
2023-05-17,7.238,16.87,101.4239,4505.75
2023-05-18,7.250000000000001,16.05,100.966,4520.41
2023-05-19,7.264,16.81,101.0741,4531.19
2023-05-22,7.264,17.21,100.8743,4531.19
2023-05-23,7.268,18.53,100.4944,4478.25
2023-05-24,7.258,20.03,100.5773,4447.98
2023-05-25,7.253000000000001,19.14,99.2939,4489.13
2023-05-26,7.293,17.95,100.0794,4445.77
2023-05-29,7.265,17.46,100.0794,4431.25
2023-05-30,7.253000000000001,17.46,98.3284,4392.75
2023-05-31,7.2330000000000005,17.94,97.9647,4451.11
2023-06-01,7.26,15.65,99.1922,4396.88
2023-06-02,7.238999999999999,14.6,99.8213,4349.6
2023-06-05,7.249,14.73,100.0633,4281.15
2023-06-06,7.221000000000001,13.96,100.4277,4228.0
2023-06-07,7.232,13.94,100.6793,4209.54
2023-06-08,7.232,13.65,101.388,4170.58
2023-06-09,7.237000000000001,13.83,100.9596,4170.08
2023-06-12,7.237000000000001,15.01,99.9348,4170.08
2023-06-13,7.255,14.61,101.1083,4195.05
2023-06-14,7.2700000000000005,13.88,101.2802,4172.51
2023-06-15,7.267,14.5,103.5079,4153.36
2023-06-16,7.294,13.54,105.1417,4162.25
2023-06-19,7.294,14.19,105.1417,4162.25
2023-06-20,7.276000000000001,13.88,103.6242,4161.11
2023-06-21,7.274,13.2,104.7676,4146.48
2023-06-22,7.239,12.91,103.2163,4101.45
2023-06-23,7.238,13.44,102.3456,4187.48
2023-06-26,7.222,14.25,102.4776,4172.82
2023-06-27,7.222,13.74,101.2242,4170.0
2023-06-28,7.212000000000001,13.43,100.3296,4146.6
2023-06-29,7.2139999999999995,13.54,100.2506,4166.01
2023-06-30,7.18,13.59,101.4785,4171.7
2023-07-03,7.21,13.57,101.2527,4171.7
2023-07-04,7.201,13.7,101.2527,4140.0
2023-07-05,7.205000000000001,14.18,102.0268,4137.63
2023-07-06,7.215000000000001,15.44,101.3891,4188.39
2023-07-07,7.205000000000001,14.83,101.9122,4155.0
2023-07-10,7.21,15.07,102.1541,4163.0
2023-07-11,7.212000000000001,14.84,103.1002,4183.62
2023-07-12,7.22,13.54,103.3871,4127.82
2023-07-13,7.215000000000001,13.61,104.5159,4096.17
2023-07-14,7.226999999999999,13.34,104.5971,4071.52
2023-07-17,7.226,13.48,103.5916,4039.11
2023-07-18,7.215000000000001,13.3,104.9102,3996.45
2023-07-19,7.251,13.76,105.5207,3977.0
2023-07-20,7.2410000000000005,13.99,106.0429,3977.0
2023-07-21,7.262,13.6,106.1991,3955.2
2023-07-24,7.265,13.91,107.6541,3949.3
2023-07-25,7.260000000000001,13.86,108.2421,3959.36
2023-07-26,7.2459999999999996,13.19,107.5335,3943.95
2023-07-27,6.965000000000001,14.41,106.9292,3934.65
2023-07-28,6.972,13.33,107.2298,3916.0
2023-07-31,6.951,13.63,107.3396,3891.2
2023-08-01,6.974000000000001,13.93,106.6636,3955.84
2023-08-02,6.986,16.09,105.0157,4057.05
2023-08-03,7.003000000000001,15.92,105.5456,4156.25
2023-08-04,6.976999999999999,17.1,105.932,4065.52
2023-08-07,6.976999999999999,15.77,105.7569,4065.52
2023-08-08,6.987000000000001,15.99,105.7102,4078.52
2023-08-09,6.989999999999999,15.96,106.5389,4016.23
2023-08-10,6.9959999999999996,15.85,105.8719,3951.98
2023-08-11,6.998,14.84,105.5861,3968.88
2023-08-14,6.976,14.82,105.0976,4035.1
2023-08-15,6.978000000000001,16.46,103.8041,4087.63
2023-08-16,7.005999999999999,16.78,103.4349,4131.48
2023-08-17,7.017,17.89,103.7637,4100.21
2023-08-18,7.021999999999999,17.3,104.2442,4130.84
2023-08-21,7.021999999999999,17.13,104.2595,4130.84
2023-08-22,7.005,16.97,103.9352,4110.38
2023-08-23,7.037999999999999,15.98,104.6391,4085.23
2023-08-24,7.045000000000001,17.2,104.8874,4087.98
2023-08-25,7.028,15.68,105.4753,4127.58
2023-08-28,6.955000000000001,15.08,105.6527,4110.88
2023-08-29,6.928,14.45,105.7818,4099.87
2023-08-30,6.95,13.88,106.1231,4091.73
2023-08-31,6.944,13.57,106.0289,4095.81
2023-09-01,6.972,13.09,106.7234,4064.0
2023-09-04,6.990000000000001,13.82,106.7234,4052.75
2023-09-05,6.9479999999999995,14.01,106.6385,4084.0
2023-09-06,6.9750000000000005,14.45,106.3853,4074.4
2023-09-07,6.9750000000000005,14.4,106.0115,4038.93
2023-09-08,6.962000000000001,13.84,106.0826,4023.5
2023-09-11,6.9159999999999995,13.8,106.6824,3989.61
2023-09-12,6.867,14.23,106.8176,3983.74
2023-09-13,6.915,13.48,106.9543,3950.23
2023-09-14,6.951,12.82,107.7119,3920.54
2023-09-15,6.972,13.79,107.4702,3924.17
2023-09-18,6.978000000000001,14.0,107.4003,3926.35
2023-09-19,6.9639999999999995,14.11,107.4641,3911.24
2023-09-20,7.007000000000001,15.14,107.2461,3916.77
2023-09-21,7.023000000000001,17.54,106.0696,3924.0
2023-09-22,7.010000000000001,17.2,106.2245,3978.84
2023-09-25,6.956,16.9,105.7523,4052.08
2023-09-26,6.953,18.94,105.405,4064.2
2023-09-27,6.971,18.22,105.7688,4093.75
2023-09-28,6.977000000000001,17.34,105.8928,4075.77
2023-09-29,6.977000000000001,17.52,104.8391,4067.88
2023-10-02,6.975,17.61,103.7479,4158.75
2023-10-03,6.959999999999999,19.78,103.4618,4217.5
2023-10-04,6.969999999999999,18.58,101.6285,4264.25
2023-10-05,6.993,18.49,101.6456,4349.5
2023-10-06,7.005,17.45,102.5742,4339.4
2023-10-09,6.9799999999999995,17.7,103.756,4317.6
2023-10-10,6.9639999999999995,17.03,103.6054,4229.44
2023-10-11,6.973,16.09,103.0353,4229.66
2023-10-12,6.978000000000001,16.69,103.3567,4224.77
2023-10-13,6.9750000000000005,19.32,105.287,4237.16
2023-10-16,6.9750000000000005,17.21,104.7056,4237.16
2023-10-17,6.9750000000000005,17.88,104.8331,4192.0
2023-10-18,6.985,19.22,105.8979,4236.7
2023-10-19,6.998,21.4,106.0803,4229.78
2023-10-20,7.012,21.71,105.8155,4225.28
2023-10-23,7.026000000000001,20.37,104.8618,4225.03
2023-10-24,7.035000000000001,18.97,104.5826,4217.31
2023-10-25,7.007000000000001,20.19,105.0615,4195.28
2023-10-26,6.988,20.68,104.5994,4128.66
2023-10-27,6.9590000000000005,21.27,105.63,4108.29
2023-10-30,6.952000000000001,19.75,104.474,4066.04
2023-10-31,6.880000000000001,18.14,104.6162,4119.25
2023-11-01,6.901,16.87,104.1593,4105.54
2023-11-02,6.92,15.66,105.0477,4046.5
2023-11-03,6.9559999999999995,14.91,105.2272,3977.38
2023-11-06,6.9559999999999995,14.89,104.9975,3977.38
2023-11-07,6.972999999999999,14.81,103.0161,4014.48
2023-11-08,6.9670000000000005,14.45,102.3481,4080.5
2023-11-09,6.9670000000000005,15.29,102.1643,4025.69
2023-11-10,6.975,14.17,101.6086,4035.0
2023-11-13,6.975,14.76,103.1268,4035.0
2023-11-14,6.991999999999999,14.16,103.3938,3968.75
2023-11-15,7.001999999999999,14.18,103.3672,4022.5
2023-11-16,6.99,14.32,101.7808,4091.27
2023-11-17,7.0009999999999994,13.8,101.9202,4092.48
2023-11-20,6.976,13.41,102.6901,4036.14
2023-11-21,6.9910000000000005,13.35,102.9389,4072.5
2023-11-22,7.016000000000001,12.85,102.1838,4070.25
2023-11-23,7.001,12.8,102.1838,4067.35
2023-11-24,6.984999999999999,12.46,101.4189,4039.62
2023-11-27,6.948,12.69,100.9681,3976.94
2023-11-28,6.943999999999999,12.69,101.9748,3953.98
2023-11-29,6.954,12.98,102.3333,3992.32
2023-11-30,6.926,12.92,101.8067,4035.48
2023-12-01,6.8660000000000005,12.63,101.4705,3967.85
2023-12-04,6.848,13.08,99.9919,4017.72
2023-12-05,6.840999999999999,12.85,99.5711,3998.2
2023-12-06,6.904,12.97,97.5491,4000.4
2023-12-07,6.945,13.06,97.8204,3991.38
2023-12-08,6.945,12.35,97.8635,3991.38
2023-12-11,6.93,12.63,97.304,3985.75
2023-12-12,6.9639999999999995,12.07,96.3658,3996.19
2023-12-13,6.924,12.19,96.4029,3998.52
2023-12-14,6.863,12.48,98.5902,3967.0
2023-12-15,6.888999999999999,12.28,98.8993,3938.0
2023-12-18,6.911999999999999,12.56,99.1083,3935.5
2023-12-19,6.88,12.53,99.5763,3935.25
2023-12-20,6.731000000000001,13.67,99.1295,3941.62
2023-12-21,6.748,13.65,99.0173,3948.24
2023-12-22,6.708,13.03,99.3544,3905.59
2023-12-25,6.708,13.03,99.3544,3905.59
2023-12-26,6.7059999999999995,12.99,99.9115,3858.45
2023-12-27,6.628000000000001,12.43,100.1262,3829.26
2023-12-28,6.648,12.47,99.5651,3854.92
2023-12-29,6.668,12.45,98.646,3854.92
2024-01-01,6.668,12.45,98.646,3854.92
2024-01-02,6.628,13.2,98.0974,3881.5
2024-01-03,6.668,14.04,98.3249,3920.38
2024-01-04,6.743,14.13,98.3138,3933.5
2024-01-05,6.749,13.35,98.6326,3877.54
2024-01-08,6.749,13.08,97.4017,3877.54
2024-01-09,6.751,12.76,98.2761,3939.31
2024-01-10,6.736,12.69,97.4891,3941.25
2024-01-11,6.712000000000001,12.44,97.665,3924.73
2024-01-12,6.749,12.7,97.959,3912.53
2024-01-15,6.753000000000001,13.25,97.959,3906.25
2024-01-16,6.734999999999999,13.84,97.4334,3942.69
2024-01-17,6.747999999999999,14.79,96.6416,3966.11
2024-01-18,6.747000000000001,14.13,97.1996,3918.32
2024-01-19,6.750000000000001,13.3,96.7989,3910.64
2024-01-22,6.7459999999999996,13.19,96.8997,3901.38
2024-01-23,6.744000000000001,12.55,97.6048,3953.31
2024-01-24,6.739,13.14,98.4872,3917.13
2024-01-25,6.731999999999999,13.45,98.7207,3941.18
2024-01-26,6.735999999999999,13.26,98.7813,3912.6
2024-01-29,6.737000000000001,13.6,97.9105,3930.0
2024-01-30,6.711000000000001,13.31,98.858,3915.0
2024-01-31,6.696,14.35,98.5602,3914.9
2024-02-01,6.510999999999999,13.88,97.5928,3888.25
2024-02-02,6.494,13.85,96.6698,3935.8
2024-02-05,6.519000000000001,13.67,96.4708,3966.59
2024-02-06,6.508,13.06,96.6324,3953.5
2024-02-07,6.508,12.83,96.6545,3958.39
2024-02-08,6.522000000000001,12.79,96.9936,3948.51
2024-02-09,6.524,12.93,96.9496,3922.34
2024-02-12,6.506000000000001,13.93,96.7209,3915.39
2024-02-13,6.505,15.85,96.2778,3925.2
2024-02-14,6.5200000000000005,14.38,95.4028,3917.5
2024-02-15,6.526000000000001,14.01,95.6234,3909.5
2024-02-16,6.519000000000001,14.24,96.2531,3908.54
2024-02-19,6.519000000000001,14.71,96.2531,3912.7
2024-02-20,6.537,15.42,95.8341,3921.9
2024-02-21,6.537999999999999,15.34,96.5535,3925.48
2024-02-22,6.539000000000001,14.54,96.4155,3929.02
2024-02-23,6.529000000000001,13.75,95.4053,3964.07
2024-02-26,6.529000000000001,13.74,95.796,3958.87
2024-02-27,6.515,13.43,96.6585,3933.04
2024-02-28,6.518,13.84,96.6555,3925.0
2024-02-29,6.504,13.4,96.6989,3925.76
2024-03-01,6.5040000000000004,13.11,97.2157,3947.61
2024-03-04,6.508,13.49,97.6548,3941.96
2024-03-05,6.518,14.46,97.2962,3945.02
2024-03-06,6.512,14.5,97.866,3921.27
2024-03-07,6.4910000000000005,14.44,98.2922,3916.7
2024-03-08,6.500000000000001,14.74,98.004,3901.75
2024-03-11,6.517,15.22,98.2987,3915.11
2024-03-12,6.506000000000001,13.84,98.184,3924.38
2024-03-13,6.527,13.75,98.9916,3904.33
2024-03-14,6.528,14.4,99.0783,3893.81
2024-03-15,6.529000000000001,14.41,99.1895,3882.89
2024-03-18,6.53,14.33,99.6785,3896.5
2024-03-19,6.53,13.82,99.5907,3879.7
2024-03-20,6.53,13.04,99.2492,3893.73
2024-03-21,6.518,12.92,99.4434,3902.02
2024-03-22,6.517,13.06,98.704,3894.44
2024-03-25,6.517,13.19,99.2827,3894.44
2024-03-26,6.08,13.24,98.6781,3856.88
2024-03-27,6.0600000000000005,12.78,98.3107,3852.31
2024-03-28,6.050000000000001,13.01,99.4894,3852.31
2024-03-29,6.050000000000001,13.01,99.4894,3852.31
2024-04-01,6.050000000000001,13.65,99.9046,3864.23
2024-04-02,6.0600000000000005,14.61,100.6986,3829.73
2024-04-03,6.0809999999999995,14.33,101.9094,3813.0
2024-04-04,6.077,16.35,102.2595,3767.95
2024-04-05,6.064,16.03,102.8961,3766.05
2024-04-08,6.032000000000001,15.19,102.9183,3770.01
2024-04-09,5.9910000000000005,14.98,102.8042,3773.99
2024-04-10,6.065,15.8,102.8709,3810.85
2024-04-11,6.077000000000001,14.91,102.3493,3827.47
2024-04-12,6.048000000000001,17.31,102.9251,3861.6
2024-04-15,6.074999999999999,19.23,102.8128,3902.36
2024-04-16,6.088,18.4,102.8343,3917.05
2024-04-17,6.0889999999999995,18.21,102.2248,3901.73
2024-04-18,6.098999999999999,18.0,102.0947,3938.2
2024-04-19,6.082,18.71,103.0556,3910.34
2024-04-22,6.082,16.94,102.7831,3915.84
2024-04-23,6.082,15.69,102.953,3909.38
2024-04-24,6.090000000000001,15.97,102.6862,3939.21
2024-04-25,6.090000000000001,15.37,103.0205,3955.52
2024-04-26,6.073,15.03,102.9191,3902.9
2024-04-29,6.071999999999999,14.67,103.3774,3866.4
2024-04-30,6.057,15.65,101.6744,3919.57
2024-05-01,6.077,15.39,100.5325,3919.57
2024-05-02,5.647000000000001,14.68,100.8424,3905.05
2024-05-03,5.644000000000001,13.49,101.3398,3913.25
2024-05-06,5.649,13.49,102.5412,3896.05
2024-05-07,5.649,13.23,102.5455,3887.56
2024-05-08,5.649,13.0,102.0613,3899.26
2024-05-09,5.649,12.69,102.4681,3898.75
2024-05-10,5.649,12.55,102.7868,3889.21
2024-05-13,5.649,13.6,103.2716,3889.21
2024-05-14,5.6450000000000005,13.42,103.1263,3847.0
2024-05-15,5.641000000000001,12.45,103.9033,3823.17
2024-05-16,5.650000000000001,12.42,104.1084,3829.75
2024-05-17,5.651000000000001,11.99,105.7442,3829.43
2024-05-20,5.651000000000001,12.15,107.2407,3817.92
2024-05-21,5.652,11.86,106.9851,3814.15
2024-05-22,5.652,12.29,106.4078,3827.96
2024-05-23,5.653,12.77,105.1239,3866.94
2024-05-24,5.647,11.93,105.0273,3874.83
2024-05-27,5.654,12.36,105.0273,3874.4
2024-05-28,5.648999999999999,12.92,106.6481,3846.53
2024-05-29,5.632,14.28,105.5111,3875.0
2024-05-30,5.632,14.47,104.0478,3868.91
2024-05-31,5.615,12.92,102.9915,3867.04
2024-06-03,5.605,13.11,102.7403,3867.04
2024-06-04,5.629,13.16,101.2822,3936.57
2024-06-05,5.632,12.63,101.8736,3935.27
2024-06-06,5.632,12.58,103.4588,3937.61
2024-06-07,5.632,12.22,101.8175,3934.5
2024-06-10,5.6419999999999995,12.74,102.3853,3934.5
2024-06-11,5.6419999999999995,12.85,102.7055,3985.31
2024-06-12,5.652,12.04,103.3283,4027.61
2024-06-13,5.655,11.94,102.7795,4147.88
2024-06-14,5.655,12.66,102.4383,4139.44
2024-06-17,5.635,12.75,101.9078,4130.58
2024-06-18,5.630000000000001,12.3,102.7299,4137.0
2024-06-19,5.631,12.48,102.7299,4160.85
2024-06-20,5.6419999999999995,13.28,102.7487,4172.91
2024-06-21,5.652,13.2,101.7255,4145.99
2024-06-24,5.652,13.33,102.5619,4091.17
2024-06-25,5.632,12.84,101.4174,4099.33
2024-06-26,5.622,12.55,101.0926,4136.72
2024-06-27,5.617000000000001,12.24,101.329,4167.98
2024-06-28,5.625,12.44,100.9915,4153.08
2024-07-01,5.555,12.22,101.3271,4153.08
2024-07-02,5.1690000000000005,12.03,101.2373,4128.61
2024-07-03,5.180999999999999,12.09,102.1788,4102.34
2024-07-04,5.191000000000001,12.26,102.1788,4097.38
2024-07-05,5.196999999999999,12.48,102.5046,4087.41
2024-07-08,5.196,12.37,101.3373,4048.04
2024-07-09,5.18,12.51,100.6931,4016.03
2024-07-10,5.177,12.85,100.4444,3969.92
2024-07-11,5.176,12.92,100.7639,3978.4
2024-07-12,5.176,12.46,100.7543,3922.1
2024-07-15,5.182,13.12,99.6058,3947.79
2024-07-16,5.172000000000001,13.19,99.5907,3982.46
2024-07-17,5.176,14.48,99.2133,4002.71
2024-07-18,5.192,15.93,98.9796,4044.66
2024-07-19,5.198,16.52,97.4851,4037.56
2024-07-22,5.202,14.91,98.0865,3995.69
2024-07-23,5.194000000000001,14.72,97.4928,4010.93
2024-07-24,5.189,18.04,97.2965,4042.73
2024-07-25,5.177,18.46,96.7789,4031.75
2024-07-26,5.173,16.39,95.9622,4024.06
2024-07-29,5.191000000000001,16.6,95.4079,4065.92
2024-07-30,5.188000000000001,17.69,95.425,4084.93
2024-07-31,5.1290000000000004,16.36,96.4493,4063.9
2024-08-01,4.7219999999999995,18.59,95.5459,4087.66
2024-08-02,4.719000000000001,23.39,94.7317,4132.0
2024-08-05,4.754999999999999,38.57,93.9059,4156.5
2024-08-06,4.746,27.71,94.1545,4139.52
2024-08-07,4.746,27.85,94.7852,4139.52
2024-08-08,4.734999999999999,23.79,95.2451,4073.0
2024-08-09,4.7379999999999995,20.37,95.5136,4072.09
2024-08-12,4.729000000000001,20.71,96.6308,4055.28
2024-08-13,4.734,18.12,95.528,4032.41
2024-08-14,4.746,16.19,95.393,4019.63
2024-08-15,4.727,15.23,96.1066,4011.71
2024-08-16,4.757,14.8,95.7116,4030.25
2024-08-19,4.757,14.65,96.2537,4030.25
2024-08-20,4.76,15.88,96.212,4010.55
2024-08-21,4.7700000000000005,16.27,95.9586,4029.54
2024-08-22,4.769000000000001,17.55,95.2427,4063.99
2024-08-23,4.747999999999999,15.86,96.458,4028.51
2024-08-26,4.739000000000001,16.15,97.196,4024.91
2024-08-27,4.720000000000001,15.43,97.1667,4038.35
2024-08-28,4.727,17.11,96.2908,4096.5
2024-08-29,4.741999999999999,15.65,97.0049,4120.09
2024-08-30,4.753,15.0,96.0873,4177.58
2024-09-02,4.7490000000000006,15.55,96.0873,4165.62
2024-09-03,4.731999999999999,20.72,95.2064,4185.7
2024-09-04,4.724,21.32,94.8723,4172.84
2024-09-05,4.723000000000001,19.9,95.1562,4158.04
2024-09-06,4.731,22.38,93.7151,4174.4
2024-09-09,4.731,19.45,94.2228,4243.67
2024-09-10,4.743,19.08,93.3307,4280.35
2024-09-11,4.751999999999999,17.69,94.1619,4269.8
2024-09-12,4.743,17.07,95.6583,4208.77
2024-09-13,4.743,16.56,96.1849,4184.62
2024-09-16,4.6930000000000005,17.14,96.7451,4233.9
2024-09-17,4.694,17.61,97.0247,4211.66
2024-09-18,4.744999999999999,18.23,97.1221,4182.07
2024-09-19,5.256,16.33,97.8583,4160.62
2024-09-20,5.246,16.15,98.1558,4151.59
2024-09-23,5.247999999999999,15.89,99.0554,4157.5
2024-09-24,5.242000000000001,15.39,100.2267,4154.25
2024-09-25,5.241,15.41,100.1826,4198.43
2024-09-26,5.252000000000001,15.37,99.9159,4158.96
2024-09-27,5.234999999999999,16.96,100.2604,4178.15
2024-09-30,5.114999999999999,16.73,100.3406,4206.9
2024-10-01,4.577000000000001,19.26,101.2925,4221.89
2024-10-02,4.710000000000001,18.9,101.5402,4183.12
2024-10-03,4.780000000000001,20.49,102.3077,4191.27
2024-10-04,4.802999999999999,19.21,102.0771,4169.09
2024-10-07,4.798,22.64,102.1627,4214.95
2024-10-08,4.792,21.42,100.1268,4227.37
2024-10-09,4.797000000000001,20.86,99.4101,4234.76
2024-10-10,4.808,20.93,100.547,4201.27
2024-10-11,4.820000000000001,20.46,100.8063,4209.42
2024-10-14,4.820000000000001,19.7,99.4659,4209.42
2024-10-15,4.774,20.64,98.4113,4247.75
2024-10-16,4.774,19.58,98.2691,4264.13
2024-10-17,4.784000000000001,19.11,98.3303,4256.74
2024-10-18,4.788,18.03,98.2366,4272.1
2024-10-21,4.811,18.37,98.7509,4276.25
2024-10-22,4.802999999999999,18.2,100.0706,4265.07
2024-10-23,4.807,19.24,99.6049,4316.83
2024-10-24,4.805,19.08,99.8276,4301.0
2024-10-25,4.808999999999999,20.33,100.2382,4327.5
2024-10-28,4.818,19.8,98.26,4336.36
2024-10-29,4.814,19.34,98.4518,4388.25
2024-10-30,4.821000000000001,20.35,98.89,4417.25
2024-10-31,4.734999999999999,23.16,98.0956,4423.83
2024-11-01,4.3180000000000005,21.88,98.0707,4435.79
2024-11-04,4.3580000000000005,21.98,98.9066,4435.79
2024-11-05,4.3629999999999995,20.49,99.092,4408.36
2024-11-06,4.365000000000001,16.27,98.1265,4412.2
2024-11-07,4.359,15.2,99.317,4308.04
2024-11-08,4.579000000000001,14.94,98.1345,4361.71
2024-11-11,4.579000000000001,14.97,97.2017,4361.71
2024-11-12,4.579000000000001,14.71,96.8084,4452.0
2024-11-13,4.589,14.02,96.7249,4478.56
2024-11-14,4.599,14.31,95.9683,4486.0
2024-11-15,4.609,16.14,96.1028,4429.77
2024-11-18,4.609,15.58,97.6791,4402.75
2024-11-19,4.612,16.35,97.9081,4391.99
2024-11-20,4.6209999999999996,17.16,98.5042,4402.06
2024-11-21,4.6080000000000005,16.87,98.9069,4392.45
2024-11-22,4.605,15.24,98.9746,4416.49
2024-11-25,4.6,14.6,98.1736,4385.8
2024-11-26,4.602,14.1,98.3672,4402.38
2024-11-27,4.6129999999999995,14.1,97.7475,4386.95
2024-11-28,4.613999999999999,13.9,97.7475,4402.49
2024-11-29,4.590999999999999,13.51,98.1416,4433.36
2024-12-02,4.5409999999999995,13.34,97.0381,4460.08
2024-12-03,4.542000000000001,13.3,97.4836,4440.81
2024-12-04,4.588000000000001,13.45,97.3262,4415.73
2024-12-05,4.593,13.54,97.3803,4415.27
2024-12-06,4.583,12.77,97.4828,4407.95
2024-12-09,4.553,14.19,98.4974,4372.26
2024-12-10,4.5360000000000005,14.18,98.8344,4371.19
2024-12-11,4.558000000000001,13.58,99.7186,4345.1
2024-12-12,4.5569999999999995,13.92,99.0433,4346.97
2024-12-13,4.582000000000001,13.81,98.6739,4317.91
2024-12-16,4.5329999999999995,14.69,98.1745,4321.25
2024-12-17,4.56,15.87,97.4886,4345.8
2024-12-18,4.609,27.62,97.2021,4372.84
2024-12-19,4.883,24.09,96.5475,4378.59
2024-12-20,4.883,18.36,97.5669,4386.38
2024-12-23,4.648000000000001,16.78,97.4865,4419.98
2024-12-24,4.558,14.27,98.2085,4373.69
2024-12-25,4.558,14.27,98.2085,4373.69
2024-12-26,4.428,14.73,98.0453,4383.85
2024-12-27,4.499,15.95,98.2065,4408.03
2024-12-30,4.590000000000001,17.4,98.865,4404.8
2024-12-31,4.470000000000001,17.35,98.7611,4405.77
2025-01-01,4.470000000000001,17.35,98.7611,4405.77
2025-01-02,4.555999999999999,17.93,99.6066,4375.3
2025-01-03,4.636,16.13,98.4915,4346.85
2025-01-06,4.676,16.04,99.2611,4346.85
2025-01-07,4.6850000000000005,17.82,99.4877,4340.06
2025-01-08,4.671,17.7,99.4623,4327.2
2025-01-09,4.6610000000000005,18.07,100.4512,4332.0
2025-01-10,4.664000000000001,19.54,102.4909,4345.0
2025-01-13,4.6770000000000005,19.19,103.0424,4306.75
2025-01-14,4.682999999999999,18.71,102.7284,4294.5
2025-01-15,4.684,16.12,104.125,4302.14
2025-01-16,4.674,16.6,104.2197,4343.73
2025-01-17,4.674,15.97,103.6957,4335.35
2025-01-20,4.680000000000001,15.81,103.6957,4318.75
2025-01-21,4.680000000000001,15.06,103.4322,4306.16
2025-01-22,4.671,15.1,103.596,4266.2
2025-01-23,4.623000000000001,15.02,103.4682,4230.88
2025-01-24,4.634,14.85,103.4289,4178.25
2025-01-27,4.641,17.9,101.8177,4198.48
2025-01-28,4.635,16.41,101.9807,4219.0
2025-01-29,4.639000000000001,16.56,102.6872,4169.15
2025-01-30,4.634999999999999,15.84,102.7333,4155.03
2025-01-31,4.62,16.43,102.2923,4209.33
2025-02-03,4.652000000000001,18.62,103.7836,4161.71
2025-02-04,4.654,17.21,104.2114,4160.14
2025-02-05,4.647,15.77,104.1595,4176.42
2025-02-06,4.642,15.5,104.3296,4135.67
2025-02-07,4.634,16.54,104.2236,4122.38
2025-02-10,4.629,15.81,105.5692,4137.3
2025-02-11,4.649000000000001,16.02,105.6596,4139.46
2025-02-12,4.683,15.89,105.5135,4167.04
2025-02-13,4.635999999999999,15.1,105.89,4139.08
2025-02-14,4.6259999999999994,14.77,105.8842,4126.25
2025-02-17,4.6240000000000006,15.37,105.8842,4126.85
2025-02-18,4.582999999999999,15.35,107.2929,4093.0
2025-02-19,4.595000000000001,15.27,107.5533,4101.37
2025-02-20,4.6259999999999994,15.66,107.712,4076.72
2025-02-21,4.620000000000001,18.21,106.8317,4082.25
2025-02-24,4.621,18.98,105.8823,4118.26
2025-02-25,4.635999999999999,19.43,105.1765,4128.66
2025-02-26,4.632,19.1,104.6294,4103.88
2025-02-27,4.608999999999999,21.13,104.2777,4131.46
2025-02-28,4.562,19.63,102.7507,4154.14
2025-03-03,4.628,22.78,103.3838,4108.13
2025-03-04,4.629,23.51,103.6229,4159.5
2025-03-05,4.6129999999999995,21.93,104.4213,4112.75
2025-03-06,4.604000000000001,24.87,104.4518,4102.99
2025-03-07,4.6129999999999995,23.37,104.7967,4130.83
2025-03-10,4.622,27.86,104.5879,4179.77
2025-03-11,4.626999999999999,26.92,104.8568,4132.3
2025-03-12,4.64,24.23,104.4535,4107.04
2025-03-13,4.656,24.66,104.9409,4124.38
2025-03-14,4.651000000000001,21.77,104.9135,4100.22
2025-03-17,4.632,20.51,105.4047,4072.39
2025-03-18,4.646,21.7,105.4784,4118.11
2025-03-19,4.665,19.9,106.0713,4162.88
2025-03-20,4.665,19.8,105.7751,4171.58
2025-03-21,4.655,19.28,105.3165,4144.75
2025-03-24,4.6450000000000005,17.48,105.0682,4144.75
2025-03-25,4.6259999999999994,17.15,105.1602,4107.81
2025-03-26,4.605,18.33,105.1888,4129.0
2025-03-27,4.594,18.69,105.5335,4170.55
2025-03-28,4.6129999999999995,21.65,105.7937,4201.7
2025-03-31,4.564,22.28,106.4009,4182.91
2025-04-01,4.562,21.77,106.5132,4145.5
2025-04-02,4.582,21.51,106.9935,4156.13
2025-04-03,4.561000000000001,30.02,104.29,4156.2
2025-04-04,4.603,45.31,99.6779,4274.23
2025-04-07,4.622,46.98,98.0968,4384.8
2025-04-08,4.552,52.33,97.3166,4425.25
2025-04-09,4.531000000000001,33.62,99.7019,4319.28
2025-04-10,4.581,40.72,99.7977,4333.35
2025-04-11,4.621,37.56,101.4796,4276.97
2025-04-14,4.622999999999999,30.89,101.0435,4298.31
2025-04-15,4.592,30.12,101.1614,4355.02
2025-04-16,4.642,32.64,102.4454,4305.77
2025-04-17,4.632,29.65,102.9124,4305.77
2025-04-18,4.632,29.65,102.9124,4305.77
2025-04-21,4.640000000000001,33.82,102.1601,4281.54
2025-04-22,4.655,30.57,102.738,4294.62
2025-04-23,4.674,28.45,102.1263,4306.42
2025-04-24,4.664000000000001,26.47,102.9215,4266.84
2025-04-25,4.622999999999999,24.84,102.6241,4217.75
2025-04-28,4.592999999999999,25.15,103.1103,4217.08
2025-04-29,4.594,24.17,102.3781,4186.64
2025-04-30,4.542999999999999,24.7,100.9267,4226.88
2025-05-01,4.563,24.6,100.8346,4242.65
2025-05-02,4.364,22.68,101.4542,4250.16
2025-05-05,4.397,23.64,101.1797,4300.22
2025-05-06,4.407,24.76,102.2916,4305.67
2025-05-07,4.424,23.55,101.5051,4284.83
2025-05-08,4.431,22.48,101.6241,4251.67
2025-05-09,4.438,21.9,102.7629,4224.45
2025-05-12,4.444,18.39,102.2859,4226.51
2025-05-13,4.425,18.22,103.2332,4219.56
2025-05-14,4.437,18.62,102.3938,4181.17
2025-05-15,4.415,17.83,101.6516,4200.56
2025-05-16,4.424,17.24,100.9569,4176.25
2025-05-19,4.436000000000001,18.14,100.8258,4173.03
2025-05-20,4.457000000000001,18.09,102.1968,4167.2
2025-05-21,4.4670000000000005,20.87,102.5597,4176.57
2025-05-22,4.465,20.28,101.8927,4175.38
2025-05-23,4.4670000000000005,22.29,102.7004,4150.95
2025-05-26,4.471,20.57,102.7004,4149.95
2025-05-27,4.424,18.96,101.9294,4112.01
2025-05-28,4.407,19.31,101.0652,4124.92
2025-05-29,4.4079999999999995,19.18,100.8444,4119.47
2025-05-30,4.386000000000001,18.57,99.987,4160.22
2025-06-02,4.386000000000001,18.36,102.0278,4160.22
2025-06-03,4.413,17.69,102.269,4107.95
2025-06-04,4.451,17.61,102.389,4108.95
2025-06-05,4.437,18.48,102.8017,4108.8
2025-06-06,4.44,16.77,103.314,4115.39
2025-06-09,4.441,17.16,103.2221,4141.54
2025-06-10,4.451,16.95,102.7719,4205.71
2025-06-11,4.45,17.26,103.1892,4180.19
2025-06-12,4.45,18.02,103.2588,4153.25
2025-06-13,4.4479999999999995,20.82,105.3082,4131.56
2025-06-16,4.4079999999999995,19.11,105.6982,4104.95
2025-06-17,4.419,21.6,106.7846,4099.86
2025-06-18,4.4479999999999995,20.14,107.3785,4068.2
2025-06-19,4.4479999999999995,22.17,107.3785,4077.72
2025-06-20,4.44,20.62,106.7456,4094.82
2025-06-23,4.44,19.83,105.0716,4094.82
2025-06-24,4.430000000000001,17.48,102.4794,4077.5
2025-06-25,4.374,16.76,102.2135,4061.75
2025-06-26,4.336,16.59,102.5386,4040.25
2025-06-27,4.3389999999999995,16.32,102.8875,4099.51
2025-06-30,4.278999999999999,16.73,102.0209,4099.51
2025-07-01,4.287999999999999,16.83,102.173,4027.35
2025-07-02,4.327999999999999,16.64,103.7137,3994.4
2025-07-03,4.378,16.38,103.3911,3983.84
2025-07-04,4.377000000000001,17.48,103.3911,3984.45
2025-07-07,4.398,17.79,102.6503,4043.05
2025-07-08,4.388,16.81,103.3829,4047.23
2025-07-09,4.408999999999999,15.94,102.7826,4007.9
2025-07-10,4.418,15.78,103.1065,4010.75
2025-07-11,4.418,16.4,103.8281,4000.65
2025-07-14,4.4,17.2,103.7675,4001.53
2025-07-15,4.36,17.38,103.6625,4027.01
2025-07-16,4.388999999999999,17.16,104.0366,4014.09
2025-07-17,4.390000000000001,16.52,104.4469,4019.74
2025-07-18,4.430000000000001,16.41,105.1171,4015.52
2025-07-21,4.45,16.65,104.7231,4044.73
2025-07-22,4.45,16.5,104.6902,4075.65
2025-07-23,4.453,15.37,104.1742,4044.73
2025-07-24,4.435,15.39,104.233,4072.67
2025-07-25,4.376,14.93,103.4724,4140.37
2025-07-28,4.371999999999999,15.03,103.1599,4166.29
2025-07-29,4.373,15.98,103.8317,4142.13
2025-07-30,4.41,15.48,103.2451,4181.7
2025-07-31,4.3389999999999995,16.72,101.1846,4185.58
2025-08-01,4.388,20.38,100.6226,4127.2
2025-08-04,4.398999999999999,17.52,100.4261,4097.52
2025-08-05,4.390000000000001,17.85,100.3022,4089.69
2025-08-06,4.388,16.77,100.4541,4046.19
2025-08-07,4.378,16.57,100.7408,4046.19
2025-08-08,4.379,15.15,100.7926,4050.11
2025-08-11,4.388,16.25,100.5381,4034.21
2025-08-12,4.367,14.73,100.2444,4017.76
2025-08-13,4.397,14.49,100.3542,4028.49
2025-08-14,4.386000000000001,14.83,100.0111,4052.4
2025-08-15,4.3660000000000005,15.09,100.3798,4014.7
2025-08-18,4.386000000000001,14.99,100.3019,4014.7
2025-08-19,4.398,15.57,99.5038,4032.15
2025-08-20,4.417000000000001,15.69,100.1791,4020.48
2025-08-21,4.41,16.6,101.0256,4030.6
2025-08-22,4.37,14.22,101.6307,4010.8
2025-08-25,4.358,14.79,101.7101,4026.1
2025-08-26,4.348,14.62,101.2172,4054.23
2025-08-27,4.367,14.85,101.496,4029.23
2025-08-28,4.390000000000001,14.43,101.9635,4026.55
2025-08-29,4.3870000000000005,15.36,102.7876,4017.05
2025-09-01,4.3870000000000005,16.12,102.7876,4016.55
2025-09-02,4.337000000000001,17.17,103.6499,4003.04
2025-09-03,4.337000000000001,16.35,103.4291,4005.4
2025-09-04,4.317,15.3,102.829,3987.1
2025-09-05,4.306000000000001,15.18,102.4252,3959.51
2025-09-08,4.327,15.11,103.136,3940.35
2025-09-09,4.328999999999999,15.04,103.0468,3922.1
2025-09-10,4.337000000000001,15.35,103.2618,3924.25
2025-09-11,4.317,14.71,103.1039,3893.02
2025-09-12,4.307,14.76,103.7894,3896.5
2025-09-15,4.218,15.69,104.6868,3905.95
2025-09-16,4.3389999999999995,16.36,105.3474,3870.56
2025-09-17,4.3500000000000005,15.72,104.229,3877.68
2025-09-18,4.590000000000001,15.7,103.3603,3894.98
2025-09-19,4.590000000000001,15.45,102.9745,3865.37
2025-09-22,4.590000000000001,16.1,102.9793,3846.2
2025-09-23,4.608999999999999,16.64,103.7149,3856.86
2025-09-24,4.598999999999999,16.18,104.0225,3883.29
2025-09-25,4.5489999999999995,16.74,104.46,3904.35
2025-09-26,4.57,15.29,105.104,3900.6
2025-09-29,4.601,16.12,105.0223,3919.32
2025-09-30,4.49,16.28,104.6288,3920.46
2025-10-01,4.528,16.29,105.3474,3879.38
2025-10-02,4.528,16.63,104.8516,3885.67
2025-10-03,4.551,16.65,105.3546,3869.8
2025-10-06,4.578999999999999,16.37,105.997,3854.89
2025-10-07,4.591,17.24,106.4112,3875.21
2025-10-08,4.61,16.3,106.9415,3891.88
2025-10-09,4.601,16.43,105.6945,3885.77
2025-10-10,4.581999999999999,21.66,104.0889,3923.53
2025-10-13,4.581999999999999,19.03,105.797,3923.53
2025-10-14,4.54,20.81,105.4431,3924.17
2025-10-15,4.44,20.64,105.5934,3894.88
2025-10-16,4.430000000000001,25.31,106.2822,3844.59
2025-10-17,4.5489999999999995,20.78,105.6158,3831.32
2025-10-20,4.57,18.23,107.561,3884.52
2025-10-21,4.497999999999999,17.87,105.81,3892.88
2025-10-22,4.518,18.6,105.9166,3909.61
2025-10-23,4.487,17.3,107.8251,3882.05
2025-10-24,4.488999999999999,16.37,107.3785,3852.07
2025-10-27,4.457000000000001,15.79,106.7205,3848.27
2025-10-28,4.419,16.42,106.1451,3897.41
2025-10-29,4.460000000000001,16.92,106.6767,3873.6
2025-10-30,4.688999999999999,16.91,106.8183,3862.4
2025-10-31,4.510000000000001,17.44,107.3022,3854.68
2025-11-03,4.6000000000000005,17.17,108.2827,3854.68
2025-11-04,4.731,19.0,107.4918,3857.9
2025-11-05,4.82,18.01,107.5007,3834.5
2025-11-06,4.808,19.5,107.0289,3785.9
2025-11-07,4.802,19.08,107.3064,3783.68
2025-11-10,4.781,17.6,109.1375,3754.4
2025-11-11,4.783,17.28,110.0278,3736.47
2025-11-12,4.753,17.51,110.1376,3707.02
2025-11-13,4.734,20.0,110.1986,3745.98
2025-11-14,4.784,19.83,109.0984,3755.13
2025-11-17,4.734,22.38,108.8797,3755.94
2025-11-18,4.796000000000001,24.69,109.1091,3722.17
2025-11-19,4.8260000000000005,23.66,108.6906,3713.67
2025-11-20,4.824999999999999,26.42,107.7607,3763.92
2025-11-21,4.802,23.43,107.5232,3807.4
2025-11-24,4.768999999999999,20.52,107.5094,3801.71
2025-11-25,4.7170000000000005,18.56,107.3115,3813.3
2025-11-26,4.673000000000001,17.19,108.5891,3729.34
2025-11-27,4.660000000000001,17.21,108.5891,3743.55
2025-11-28,4.537999999999999,16.35,110.4126,3755.34
2025-12-01,4.492,17.24,111.0692,3815.61
2025-12-02,4.542,16.59,110.3014,3811.0
2025-12-03,4.694,16.08,110.7161,3763.79
2025-12-04,4.766,15.78,111.1287,3799.05
2025-12-05,4.741,15.41,112.0057,3842.61
2025-12-08,4.720999999999999,16.66,110.2408,3842.61
2025-12-09,4.785,16.93,109.5204,3864.73
2025-12-10,4.821,15.77,109.6777,3839.77
2025-12-11,5.061,14.85,110.3964,3802.73
2025-12-12,5.056000000000001,15.74,108.982,3800.46
2025-12-15,4.977,16.5,108.6732,3830.05
2025-12-16,5.037000000000001,16.48,107.5235,3843.64
2025-12-17,5.037000000000001,17.62,108.6875,3864.8
2025-12-18,5.067,16.87,108.1114,3859.92
2025-12-19,5.066000000000001,14.91,108.8037,3823.85
2025-12-22,5.048,14.08,109.8052,3783.35
2025-12-23,5.068,14.0,111.2005,3760.55
2025-12-24,5.07,13.47,111.3695,3736.1
2025-12-25,5.07,13.47,111.3695,3736.1
2025-12-26,4.976000000000001,13.6,112.4755,3697.0
2025-12-29,4.993,14.2,110.3259,3748.3
2025-12-30,5.034999999999999,14.33,111.9754,3777.62
2025-12-31,4.874999999999999,14.95,109.69,3777.62
