Date,Dif Rates,Rate_COP
2019-01-02,-0.9499999999999997,3238.35
2019-01-03,-1.3999999999999995,3244.0
2019-01-04,-1.6550000000000002,3192.57
2019-01-07,-1.6950000000000003,3208.56
2019-01-08,-1.6879999999999997,3165.96
2019-01-09,-1.6550000000000002,3127.93
2019-01-10,-1.6750000000000003,3136.25
2019-01-11,-1.6959999999999997,3152.78
2019-01-14,-1.706,3140.75
2019-01-15,-1.6450000000000005,3142.05
2019-01-16,-1.6750000000000003,3117.63
2019-01-17,-1.6959999999999997,3133.3
2019-01-18,-1.6870000000000003,3124.75
2019-01-21,-1.6870000000000003,3121.66
2019-01-22,-1.6979999999999995,3145.77
2019-01-23,-1.7070000000000003,3146.1
2019-01-24,-1.697,3171.35
2019-01-25,-1.7070000000000003,3151.5
2019-01-28,-1.717,3159.02
2019-01-29,-1.7070000000000003,3155.43
2019-01-30,-1.717,3163.92
2019-01-31,-1.5270000000000001,3107.0
2019-02-01,-1.6359999999999997,3090.42
2019-02-04,-1.706,3088.02
2019-02-05,-1.7070000000000003,3089.4
2019-02-06,-1.726,3105.13
2019-02-07,-1.7300000000000004,3118.2
2019-02-08,-1.7409999999999997,3116.2
2019-02-11,-1.7100000000000004,3139.7
2019-02-12,-1.7200000000000002,3126.6
2019-02-13,-1.729,3131.1
2019-02-14,-1.7200000000000002,3151.52
2019-02-15,-1.6789999999999998,3141.79
2019-02-18,-1.682,3126.35
2019-02-19,-1.7150000000000003,3141.4
2019-02-20,-1.7209999999999996,3110.7
2019-02-21,-1.7179999999999995,3123.55
2019-02-22,-1.7079999999999997,3105.75
2019-02-25,-1.729,3105.55
2019-02-26,-1.7300000000000004,3083.45
2019-02-27,-1.737,3071.18
2019-02-28,-1.5270000000000001,3080.38
2019-03-01,-1.729,3096.13
2019-03-04,-1.726,3093.71
2019-03-05,-1.7250000000000005,3099.93
2019-03-06,-1.7250000000000005,3106.2
2019-03-07,-1.7250000000000005,3143.35
2019-03-08,-1.717,3174.5
2019-03-11,-1.729,3178.55
2019-03-12,-1.7179999999999995,3150.75
2019-03-13,-1.7050000000000005,3145.52
2019-03-14,-1.6850000000000005,3144.65
2019-03-15,-1.6440000000000001,3124.08
2019-03-18,-1.694,3102.54
2019-03-19,-1.6850000000000005,3094.65
2019-03-20,-1.637,3092.59
2019-03-21,-1.6700000000000004,3082.08
2019-03-22,-1.7079999999999997,3126.06
2019-03-26,-1.7079999999999997,3145.52
2019-03-27,-1.709,3186.45
2019-03-28,-1.6779999999999995,3191.0
2019-03-29,-1.4600000000000004,3186.0
2019-04-01,-1.6470000000000002,3146.74
2019-04-02,-1.6470000000000002,3143.2
2019-04-03,-1.6350000000000002,3128.68
2019-04-04,-1.6470000000000002,3132.9
2019-04-05,-1.646,3126.35
2019-04-08,-1.646,3115.22
2019-04-09,-1.6559999999999997,3105.18
2019-04-10,-1.657,3095.67
2019-04-11,-1.669,3113.59
2019-04-12,-1.6679999999999997,3109.0
2019-04-15,-1.6400000000000001,3136.17
2019-04-16,-1.6400000000000001,3160.71
2019-04-17,-1.6050000000000004,3160.87
2019-04-18,-1.6050000000000004,3160.48
2019-04-22,-1.646,3139.4
2019-04-23,-1.646,3177.88
2019-04-24,-1.666,3195.23
2019-04-25,-1.6559999999999997,3233.0
2019-04-26,-1.6479999999999997,3237.98
2019-04-29,-1.626,3247.87
2019-04-30,-1.346,3233.95
2019-05-02,-1.6079999999999997,3262.9
2019-05-03,-1.6789999999999998,3240.52
2019-05-06,-1.689,3254.1
2019-05-07,-1.6700000000000004,3297.0
2019-05-08,-1.6800000000000002,3290.09
2019-05-09,-1.702,3278.0
2019-05-10,-1.7100000000000004,3274.25
2019-05-13,-1.7300000000000004,3274.3
2019-05-14,-1.7189999999999999,3284.72
2019-05-15,-1.6300000000000003,3296.2
2019-05-16,-1.6809999999999996,3290.14
2019-05-17,-1.6920000000000002,3290.27
2019-05-20,-1.722,3341.81
2019-05-21,-1.7330000000000005,3344.45
2019-05-22,-1.7430000000000003,3335.85
2019-05-23,-1.745,3378.2
2019-05-24,-1.7469999999999999,3358.77
2019-05-27,-1.7459999999999996,3358.68
2019-05-28,-1.7069999999999999,3379.55
2019-05-29,-1.714,3352.8
2019-05-30,-1.7130000000000005,3363.98
2019-05-31,-1.6230000000000002,3379.0
2019-06-04,-1.725,3292.38
2019-06-05,-1.7159999999999997,3305.98
2019-06-06,-1.717,3291.27
2019-06-07,-1.7280000000000002,3268.75
2019-06-10,-1.7259999999999995,3258.72
2019-06-11,-1.7309999999999999,3259.01
2019-06-12,-1.742,3269.0
2019-06-13,-1.762,3268.13
2019-06-14,-1.762,3273.88
2019-06-17,-1.702,3285.9
2019-06-18,-1.7209999999999996,3255.7
2019-06-19,-1.751,3241.0
2019-06-20,-1.7500000000000004,3193.99
2019-06-21,-1.7389999999999999,3203.05
2019-06-25,-1.6979999999999995,3190.68
2019-06-26,-1.6789999999999998,3183.94
2019-06-27,-1.6879999999999997,3197.65
2019-06-28,-1.6109999999999998,3211.65
2019-07-02,-1.604,3209.95
2019-07-03,-1.5530000000000004,3195.35
2019-07-04,-1.552,3198.11
2019-07-05,-1.5220000000000002,3210.13
2019-07-08,-1.6300000000000003,3217.98
2019-07-09,-1.6589999999999998,3218.5
2019-07-10,-1.649,3206.5
2019-07-11,-1.7000000000000002,3199.35
2019-07-12,-1.749,3192.9
2019-07-15,-1.649,3190.9
2019-07-16,-1.6389999999999998,3199.95
2019-07-17,-1.6400000000000001,3185.25
2019-07-18,-1.649,3176.5
2019-07-19,-1.7009999999999996,3173.4
2019-07-22,-1.7109999999999999,3175.88
2019-07-23,-1.7109999999999999,3188.57
2019-07-24,-1.7030000000000003,3198.8
2019-07-25,-1.6950000000000003,3217.58
2019-07-26,-1.7069999999999999,3237.55
2019-07-29,-1.717,3285.01
2019-07-30,-1.7269999999999999,3302.82
2019-07-31,-1.5680000000000005,3280.19
2019-08-01,-1.9300000000000002,3340.85
2019-08-02,-1.9300000000000002,3384.5
2019-08-05,-1.9889999999999999,3456.41
2019-08-06,-2.0110000000000006,3428.23
2019-08-08,-2.029,3369.32
2019-08-09,-2.009,3395.5
2019-08-12,-1.9989999999999997,3426.76
2019-08-13,-1.9589999999999996,3412.98
2019-08-14,-1.9889999999999999,3459.13
2019-08-15,-1.9410000000000003,3471.73
2019-08-16,-1.9900000000000002,3426.75
2019-08-20,-1.9930000000000003,3408.98
2019-08-21,-2.0210000000000004,3377.6
2019-08-22,-2.029,3390.5
2019-08-23,-2.022,3423.0
2019-08-26,-2.023,3444.77
2019-08-27,-1.9730000000000003,3469.98
2019-08-28,-2.003,3477.05
2019-08-29,-2.005,3439.08
2019-08-30,-1.9639999999999995,3442.35
2019-09-02,-1.96,3459.0
2019-09-03,-1.944,3443.23
2019-09-04,-1.9030000000000005,3397.7
2019-09-05,-1.904,3380.8
2019-09-06,-1.9650000000000003,3357.25
2019-09-09,-1.992,3371.82
2019-09-10,-1.9700000000000002,3362.52
2019-09-11,-1.9570000000000003,3375.05
2019-09-12,-1.9050000000000002,3366.6
2019-09-13,-1.9059999999999997,3363.5
2019-09-16,-1.6750000000000003,3364.48
2019-09-17,1.1440000000000001,3385.48
2019-09-18,-1.556,3373.75
2019-09-19,-2.1559999999999997,3384.75
2019-09-20,-2.245,3416.2
2019-09-23,-2.2550000000000003,3437.0
2019-09-24,-2.1450000000000005,3435.25
2019-09-25,-2.0950000000000006,3431.52
2019-09-26,-2.256,3448.38
2019-09-27,-2.2859999999999996,3459.8
2019-09-30,-1.7559999999999998,3477.03
2019-10-01,-2.226,3496.1
2019-10-02,-2.2550000000000003,3497.36
2019-10-03,-2.2650000000000006,3450.55
2019-10-04,-2.2859999999999996,3436.0
2019-10-07,-2.276,3452.48
2019-10-08,-2.2550000000000003,3453.45
2019-10-09,-2.256,3467.75
2019-10-10,-2.256,3459.13
2019-10-11,-2.256,3431.02
2019-10-14,-2.256,3431.46
2019-10-15,-2.106,3451.7
2019-10-16,-2.056,3459.27
2019-10-17,-2.1550000000000002,3451.5
2019-10-18,-2.2270000000000003,3425.65
2019-10-21,-2.247,3448.52
2019-10-22,-2.237,3432.2
2019-10-23,-2.239,3393.85
2019-10-24,-2.25,3406.07
2019-10-25,-2.2720000000000002,3395.73
2019-10-28,-2.293,3395.25
2019-10-29,-2.3000000000000003,3377.02
2019-10-30,-2.29,3389.65
2019-10-31,-2.3520000000000003,3379.55
2019-11-01,-2.5300000000000002,3325.7
2019-11-04,-2.5500000000000003,3339.19
2019-11-05,-2.5300000000000002,3311.93
2019-11-06,-2.537,3338.0
2019-11-07,-2.547,3319.77
2019-11-08,-2.546,3339.41
2019-11-11,-2.546,3341.01
2019-11-12,-2.535,3409.0
2019-11-13,-2.5359999999999996,3428.85
2019-11-14,-2.526,3453.9
2019-11-15,-2.516,3426.23
2019-11-18,-2.5450000000000004,3442.27
2019-11-19,-2.5359999999999996,3439.5
2019-11-20,-2.537,3442.7
2019-11-21,-2.529,3420.4
2019-11-22,-2.5309999999999997,3425.0
2019-11-25,-2.5500000000000003,3435.15
2019-11-26,-2.5730000000000004,3475.95
2019-11-27,-2.5630000000000006,3509.02
2019-11-28,-2.5630000000000006,3513.0
2019-11-29,-2.459,3516.93
2019-12-02,-2.4800000000000004,3508.77
2019-12-03,-2.561,3504.4
2019-12-04,-2.5700000000000003,3471.0
2019-12-05,-2.5620000000000003,3458.45
2019-12-06,-2.5630000000000006,3425.13
2019-12-09,-2.549,3418.88
2019-12-10,-2.556,3405.35
2019-12-11,-2.5650000000000004,3376.3
2019-12-12,-2.575,3373.05
2019-12-13,-2.564,3375.85
2019-12-16,-2.4850000000000003,3354.55
2019-12-17,-2.5650000000000004,3343.04
2019-12-18,-2.5759999999999996,3327.55
2019-12-19,-2.5759999999999996,3315.5
2019-12-20,-2.5759999999999996,3331.7
2019-12-23,-2.5850000000000004,3312.75
2019-12-24,-2.5829999999999997,3299.0
2019-12-26,-2.587,3286.2
2019-12-27,-2.5789999999999997,3301.25
2019-12-30,-2.5709999999999997,3287.5
2019-12-31,-2.561,3277.14
2020-01-02,-2.574,3255.95
2020-01-03,-2.566,3263.95
2020-01-06,-2.566,3262.05
2020-01-07,-2.552,3273.0
2020-01-08,-2.559,3246.88
2020-01-09,-2.5600000000000005,3255.98
2020-01-10,-2.5620000000000003,3271.95
2020-01-13,-2.5700000000000003,3269.45
2020-01-14,-2.5570000000000004,3286.52
2020-01-15,-2.547,3298.9
2020-01-16,-2.5570000000000004,3322.4
2020-01-17,-2.567,3332.0
2020-01-20,-2.5650000000000004,3332.52
2020-01-21,-2.567,3353.52
2020-01-22,-2.567,3332.38
2020-01-23,-2.5679999999999996,3360.96
2020-01-24,-2.5779999999999994,3366.05
2020-01-27,-2.5789999999999997,3400.13
2020-01-28,-2.5789999999999997,3385.6
2020-01-29,-2.5789999999999997,3389.05
2020-01-30,-2.527,3414.75
2020-01-31,-2.509,3420.65
2020-02-03,-2.519,3395.75
2020-02-04,-2.507,3361.45
2020-02-05,-2.518,3362.48
2020-02-06,-2.518,3380.15
2020-02-07,-2.5279999999999996,3414.45
2020-02-10,-2.526,3453.7
2020-02-11,-2.527,3420.43
2020-02-12,-2.535,3388.63
2020-02-13,-2.5359999999999996,3376.52
2020-02-14,-2.526,3392.1
2020-02-17,-2.5279999999999996,3397.77
2020-02-18,-2.506,3407.73
2020-02-19,-2.5150000000000006,3391.07
2020-02-20,-2.5079999999999996,3403.5
2020-02-21,-2.526,3381.61
2020-02-24,-2.5250000000000004,3432.47
2020-02-25,-2.5150000000000006,3430.44
2020-02-26,-2.526,3451.74
2020-02-27,-2.5250000000000004,3476.44
2020-02-28,-2.5079999999999996,3529.05
2020-03-02,-2.518,3495.55
2020-03-03,-2.4650000000000007,3459.59
2020-03-04,-2.8779999999999997,3473.82
2020-03-05,-2.987,3522.0
2020-03-06,-3.007,3586.14
2020-03-09,-3.019,3792.83
2020-03-10,-3.0,3795.93
2020-03-11,-2.9570000000000003,3849.96
2020-03-12,-2.9050000000000002,3951.57
2020-03-13,-3.007,3981.25
2020-03-16,-3.8470000000000004,4090.0
2020-03-17,-3.5629999999999997,4022.8
2020-03-18,-3.9949999999999997,4100.77
2020-03-19,-4.027,4106.38
2020-03-20,-4.005,4092.34
2020-03-24,-4.0,4104.03
2020-03-25,-3.9650000000000003,4079.91
2020-03-26,-3.895,3990.35
2020-03-27,-3.77,4037.79
2020-03-30,-3.5900000000000003,4060.75
2020-03-31,-3.5450000000000004,4055.75
2020-04-01,-3.523,4063.5
2020-04-02,-3.5900000000000003,4049.5
2020-04-03,-3.583,4015.0
2020-04-06,-3.49,3978.85
2020-04-07,-3.451,3910.77
2020-04-08,-3.455,3895.2
2020-04-13,-3.388,3871.75
2020-04-14,-3.42,3854.08
2020-04-15,-3.49,3892.78
2020-04-16,-3.5330000000000004,3931.11
2020-04-17,-3.5610000000000004,3940.98
2020-04-20,-3.57,3977.8
2020-04-21,-3.595,4047.6
2020-04-22,-3.6,4032.16
2020-04-23,-3.5930000000000004,4022.77
2020-04-24,-3.56,4043.2
2020-04-27,-3.5300000000000002,4060.55
2020-04-28,-3.552,4042.31
2020-04-29,-3.5850000000000004,3924.3
2020-04-30,-3.585,3942.86
2020-05-04,-3.103,3988.38
2020-05-05,-3.105,3933.23
2020-05-06,-3.108,3965.09
2020-05-07,-3.115,3924.38
2020-05-08,-3.096,3893.9
2020-05-11,-3.09,3898.13
2020-05-12,-3.063,3881.85
2020-05-13,-3.075,3912.86
2020-05-14,-3.113,3942.82
2020-05-15,-3.0780000000000003,3914.45
2020-05-18,-3.083,3852.52
2020-05-19,-3.093,3834.55
2020-05-20,-3.1180000000000003,3814.7
2020-05-21,-3.09,3769.55
2020-05-22,-3.057,3780.68
2020-05-26,-3.009,3727.77
2020-05-27,-3.053,3733.65
2020-05-28,-3.065,3699.4
2020-05-29,-3.093,3732.0
2020-06-01,-2.6189999999999998,3718.97
2020-06-02,-2.611,3636.63
2020-06-03,-2.629,3606.95
2020-06-04,-2.623,3590.75
2020-06-05,-2.604,3575.13
2020-06-08,-2.5980000000000003,3607.38
2020-06-09,-2.585,3657.38
2020-06-10,-2.593,3673.38
2020-06-11,-2.5749999999999997,3774.11
2020-06-12,-2.5909999999999997,3779.15
2020-06-16,-2.5700000000000003,3749.55
2020-06-17,-2.568,3748.91
2020-06-18,-2.579,3753.15
2020-06-19,-2.591,3740.7
2020-06-23,-2.612,3699.63
2020-06-24,-2.5989999999999998,3727.45
2020-06-25,-2.589,3731.52
2020-06-26,-2.601,3750.17
2020-06-30,-2.589,3757.75
2020-07-01,-2.325,3715.55
2020-07-02,-2.326,3642.8
2020-07-03,-2.319,3651.68
2020-07-06,-2.328,3637.19
2020-07-07,-2.318,3625.61
2020-07-08,-2.32,3641.33
2020-07-09,-2.324,3622.75
2020-07-10,-2.3249999999999997,3621.61
2020-07-13,-2.3289999999999997,3620.45
2020-07-14,-2.323,3623.05
2020-07-15,-2.305,3623.2
2020-07-16,-2.308,3643.07
2020-07-17,-2.3049999999999997,3650.9
2020-07-21,-2.315,3623.19
2020-07-22,-2.335,3638.07
2020-07-23,-2.33,3668.45
2020-07-24,-2.322,3693.28
2020-07-27,-2.3129999999999997,3677.7
2020-07-28,-2.311,3724.9
2020-07-29,-2.321,3705.97
2020-07-30,-2.302,3723.53
2020-07-31,-2.294,3732.83
2020-08-03,-2.077,3768.9
2020-08-04,-2.0660000000000003,3780.49
2020-08-05,-2.075,3776.23
2020-08-06,-2.076,3741.5
2020-08-07,-2.076,3772.64
2020-08-10,-2.075,3774.4
2020-08-11,-2.065,3741.4
2020-08-12,-2.075,3758.25
2020-08-13,-2.0740000000000003,3771.45
2020-08-14,-2.071,3792.27
2020-08-18,-2.0700000000000003,3782.8
2020-08-19,-2.071,3758.04
2020-08-20,-2.0900000000000003,3803.35
2020-08-21,-2.0900000000000003,3837.7
2020-08-24,-2.0909999999999997,3855.84
2020-08-25,-2.092,3868.18
2020-08-26,-2.101,3835.95
2020-08-27,-2.101,3815.68
2020-08-28,-2.0980000000000003,3745.28
2020-08-31,-2.0820000000000003,3741.1
2020-09-01,-1.845,3678.55
2020-09-02,-1.8499999999999999,3655.3
2020-09-03,-1.843,3693.1
2020-09-04,-1.861,3715.38
2020-09-08,-1.863,3738.2
2020-09-09,-1.857,3715.93
2020-09-10,-1.849,3708.36
2020-09-11,-1.843,3708.25
2020-09-14,-1.8379999999999999,3698.02
2020-09-15,-1.841,3700.7
2020-09-16,-1.8439999999999999,3686.93
2020-09-17,-1.8459999999999999,3715.94
2020-09-18,-1.8599999999999999,3736.96
2020-09-21,-1.8699999999999999,3790.18
2020-09-22,-1.882,3828.88
2020-09-23,-1.89,3864.04
2020-09-24,-1.882,3827.5
2020-09-25,-1.8739999999999999,3887.15
2020-09-28,-1.634,3871.6
2020-09-29,-1.648,3887.49
2020-09-30,-1.637,3829.18
2020-10-01,-1.631,3845.06
2020-10-02,-1.613,3870.82
2020-10-05,-1.6219999999999999,3830.1
2020-10-06,-1.6079999999999999,3832.18
2020-10-07,-1.615,3838.6
2020-10-08,-1.63,3839.34
2020-10-09,-1.613,3826.52
2020-10-12,-1.613,3825.98
2020-10-13,-1.615,3862.07
2020-10-14,-1.6179999999999999,3837.26
2020-10-15,-1.6099999999999999,3849.49
2020-10-16,-1.621,3849.48
2020-10-19,-1.621,3844.7
2020-10-20,-1.632,3821.65
2020-10-21,-1.642,3768.84
2020-10-22,-1.64,3785.48
2020-10-23,-1.628,3788.34
2020-10-26,-1.6199999999999999,3814.09
2020-10-27,-1.621,3810.48
2020-10-28,-1.629,3835.55
2020-10-30,-1.6139999999999999,3870.94
2020-11-03,-1.607,3820.1
2020-11-04,-1.605,3815.03
2020-11-05,-1.5939999999999999,3764.57
2020-11-06,-1.597,3722.51
2020-11-09,-1.607,3648.6
2020-11-10,-1.6119999999999999,3628.98
2020-11-11,-1.609,3632.38
2020-11-12,-1.617,3643.18
2020-11-13,-1.617,3639.63
2020-11-17,-1.619,3638.99
2020-11-18,-1.63,3644.92
2020-11-19,-1.647,3649.12
2020-11-20,-1.659,3641.75
2020-11-23,-1.659,3644.82
2020-11-24,-1.634,3639.71
2020-11-25,-1.631,3620.26
2020-11-26,-1.632,3616.85
2020-11-27,-1.631,3613.02
2020-11-30,-1.621,3600.75
2020-12-01,-1.632,3570.65
2020-12-02,-1.633,3530.71
2020-12-03,-1.633,3476.1
2020-12-04,-1.623,3467.04
2020-12-07,-1.636,3487.87
2020-12-09,-1.633,3465.68
2020-12-10,-1.631,3439.45
2020-12-11,-1.631,3435.54
2020-12-14,-1.63,3429.97
2020-12-15,-1.6219999999999999,3424.97
2020-12-16,-1.623,3418.14
2020-12-17,-1.621,3412.43
2020-12-18,-1.621,3419.94
2020-12-21,-1.621,3427.28
2020-12-22,-1.641,3451.75
2020-12-23,-1.652,3488.25
2020-12-24,-1.631,3499.47
2020-12-28,-1.6219999999999999,3495.02
2020-12-29,-1.6059999999999999,3480.71
2020-12-30,-1.6119999999999999,3429.73
2021-01-04,-1.597,3432.69
2021-01-05,-1.5759999999999998,3446.24
2021-01-06,-1.585,3425.09
2021-01-07,-1.591,3474.13
2021-01-08,-1.5999999999999999,3475.8
2021-01-12,-1.615,3483.5
2021-01-13,-1.613,3478.77
2021-01-14,-1.613,3462.02
2021-01-15,-1.6119999999999999,3465.69
2021-01-18,-1.6179999999999999,3480.35
2021-01-19,-1.6239999999999999,3487.04
2021-01-20,-1.631,3471.73
2021-01-21,-1.653,3479.85
2021-01-22,-1.646,3527.05
2021-01-25,-1.639,3589.13
2021-01-26,-1.67,3596.38
2021-01-27,-1.674,3621.18
2021-01-28,-1.666,3572.99
2021-01-29,-1.645,3575.78
2021-02-01,-1.641,3568.8
2021-02-02,-1.642,3530.27
2021-02-03,-1.642,3528.58
2021-02-04,-1.661,3555.52
2021-02-05,-1.692,3547.25
2021-02-08,-1.692,3561.38
2021-02-09,-1.662,3582.55
2021-02-10,-1.651,3557.99
2021-02-11,-1.651,3527.71
2021-02-12,-1.662,3510.12
2021-02-15,-1.662,3501.84
2021-02-16,-1.651,3521.39
2021-02-17,-1.651,3540.46
2021-02-18,-1.681,3539.68
2021-02-19,-1.691,3559.25
2021-02-22,-1.68,3597.85
2021-02-23,-1.697,3590.88
2021-02-24,-1.687,3571.22
2021-02-25,-1.675,3592.82
2021-02-26,-1.689,3608.27
2021-03-01,-1.676,3616.94
2021-03-02,-1.652,3637.01
2021-03-03,-1.652,3661.06
2021-03-04,-1.674,3643.62
2021-03-05,-1.677,3635.33
2021-03-08,-1.672,3615.32
2021-03-09,-1.666,3598.41
2021-03-10,-1.659,3582.17
2021-03-11,-1.658,3542.72
2021-03-12,-1.61,3568.25
2021-03-15,-1.604,3572.19
2021-03-16,-1.6199999999999999,3558.49
2021-03-17,-1.645,3567.33
2021-03-18,-1.658,3570.78
2021-03-19,-1.662,3551.6
2021-03-23,-1.66,3579.04
2021-03-24,-1.67,3614.09
2021-03-26,-1.67,3667.92
2021-03-29,-1.667,3680.71
2021-03-30,-1.678,3720.43
2021-03-31,-1.672,3704.37
2021-04-05,-1.675,3660.2
2021-04-06,-1.674,3646.17
2021-04-07,-1.678,3643.11
2021-04-08,-1.68,3642.07
2021-04-09,-1.686,3639.01
2021-04-12,-1.678,3653.54
2021-04-13,-1.682,3666.46
2021-04-14,-1.686,3672.36
2021-04-15,-1.683,3612.88
2021-04-16,-1.683,3609.7
2021-04-19,-1.69,3602.02
2021-04-20,-1.69,3639.46
2021-04-21,-1.693,3627.09
2021-04-22,-1.698,3637.61
2021-04-23,-1.699,3639.63
2021-04-26,-1.7,3652.5
2021-04-27,-1.7,3715.51
2021-04-28,-1.696,3708.85
2021-04-29,-1.701,3710.47
2021-04-30,-1.705,3729.88
2021-05-03,-1.706,3819.67
2021-05-04,-1.707,3824.86
2021-05-05,-1.706,3845.59
2021-05-06,-1.706,3821.25
2021-05-07,-1.706,3763.64
2021-05-10,-1.7,3740.42
2021-05-11,-1.699,3708.81
2021-05-12,-1.704,3747.06
2021-05-13,-1.704,3729.79
2021-05-14,-1.704,3704.54
2021-05-18,-1.705,3666.45
2021-05-19,-1.707,3672.45
2021-05-20,-1.711,3696.84
2021-05-21,-1.715,3746.15
2021-05-24,-1.709,3736.25
2021-05-25,-1.712,3734.9
2021-05-26,-1.712,3743.15
2021-05-27,-1.715,3729.19
2021-05-28,-1.716,3707.15
2021-05-31,-1.706,3711.95
2021-06-01,-1.705,3666.21
2021-06-02,-1.708,3649.8
2021-06-03,-1.711,3646.58
2021-06-04,-1.708,3599.98
2021-06-08,-1.707,3604.85
2021-06-09,-1.704,3591.9
2021-06-10,-1.702,3589.94
2021-06-11,-1.703,3603.44
2021-06-15,-1.703,3663.95
2021-06-16,-1.702,3678.23
2021-06-17,-1.662,3713.35
2021-06-18,-1.662,3745.4
2021-06-21,-1.662,3759.14
2021-06-22,-1.661,3782.27
2021-06-23,-1.662,3784.94
2021-06-24,-1.662,3774.42
2021-06-25,-1.662,3731.85
2021-06-28,-1.662,3708.75
2021-06-29,-1.662,3767.41
2021-06-30,-1.662,3752.35
2021-07-01,-1.661,3784.65
2021-07-02,-1.662,3743.27
2021-07-06,-1.664,3787.46
2021-07-07,-1.663,3831.4
2021-07-08,-1.664,3843.38
2021-07-09,-1.662,3834.01
2021-07-12,-1.662,3823.02
2021-07-13,-1.664,3824.41
2021-07-14,-1.663,3794.99
2021-07-15,-1.664,3802.23
2021-07-16,-1.665,3809.99
2021-07-19,-1.667,3854.89
2021-07-21,-1.666,3854.63
2021-07-22,-1.666,3870.01
2021-07-23,-1.666,3869.56
2021-07-26,-1.666,3908.43
2021-07-27,-1.666,3919.06
2021-07-28,-1.665,3905.47
2021-07-29,-1.662,3867.61
2021-07-30,-1.662,3830.75
2021-08-02,-1.662,3886.29
2021-08-03,-1.664,3911.09
2021-08-04,-1.664,3909.46
2021-08-05,-1.664,3910.18
2021-08-06,-1.664,3957.44
2021-08-09,-1.663,3997.33
2021-08-10,-1.663,3969.9
2021-08-11,-1.663,3944.04
2021-08-12,-1.663,3858.58
2021-08-13,-1.663,3846.38
2021-08-17,-1.664,3879.42
2021-08-18,-1.664,3852.32
2021-08-19,-1.664,3870.11
2021-08-20,-1.664,3872.2
2021-08-23,-1.664,3876.48
2021-08-24,-1.667,3866.65
2021-08-25,-1.667,3865.0
2021-08-26,-1.669,3866.14
2021-08-27,-1.671,3829.46
2021-08-30,-1.67,3815.79
2021-08-31,-1.669,3771.96
2021-09-01,-1.671,3762.93
2021-09-02,-1.674,3797.56
2021-09-03,-1.677,3800.6
2021-09-06,-1.678,3794.52
2021-09-07,-1.675,3813.82
2021-09-08,-1.666,3834.76
2021-09-09,-1.661,3853.15
2021-09-10,-1.661,3838.69
2021-09-13,-1.665,3833.47
2021-09-14,-1.669,3829.92
2021-09-15,-1.672,3814.78
2021-09-16,-1.677,3816.97
2021-09-17,-1.681,3830.0
2021-09-20,-1.683,3842.8
2021-09-21,-1.684,3838.39
2021-09-22,-1.685,3832.01
2021-09-23,-1.685,3833.42
2021-09-24,-1.688,3837.65
2021-09-27,-1.691,3843.52
2021-09-28,-1.693,3834.9
2021-09-29,-1.694,3839.97
2021-09-30,-1.695,3807.8
2021-10-01,-1.923,3793.38
2021-10-04,-1.929,3795.4
2021-10-05,-1.93,3785.05
2021-10-06,-1.926,3787.56
2021-10-07,-1.925,3774.5
2021-10-08,-1.912,3766.81
2021-10-11,-1.915,3761.39
2021-10-12,-1.909,3721.18
2021-10-13,-1.919,3744.4
2021-10-14,-1.923,3771.35
2021-10-15,-1.927,3767.47
2021-10-18,-1.927,3770.62
2021-10-19,-1.948,3767.2
2021-10-20,-1.931,3767.56
2021-10-21,-1.929,3780.25
2021-10-22,-1.911,3774.11
2021-10-25,-1.915,3767.8
2021-10-26,-1.912,3769.23
2021-10-27,-1.917,3759.45
2021-10-28,-1.922,3777.75
2021-10-29,-1.916,3767.37
2021-11-02,-2.395,3795.98
2021-11-03,-2.4040000000000004,3834.24
2021-11-04,-2.4080000000000004,3869.34
2021-11-05,-2.4010000000000002,3878.85
2021-11-08,-2.4000000000000004,3876.38
2021-11-09,-2.398,3862.9
2021-11-10,-2.407,3881.91
2021-11-11,-2.415,3878.63
2021-11-12,-2.414,3884.63
2021-11-16,-2.415,3895.34
2021-11-17,-2.406,3918.43
2021-11-18,-2.415,3925.4
2021-11-19,-2.415,3916.18
2021-11-22,-2.419,3894.82
2021-11-23,-2.4010000000000002,3949.88
2021-11-24,-2.418,3975.13
2021-11-25,-2.423,3984.3
2021-11-26,-2.427,4015.7
2021-11-29,-2.4250000000000003,4035.59
2021-11-30,-2.423,3962.76
2021-12-01,-2.4200000000000004,3971.56
2021-12-02,-2.4170000000000003,3938.27
2021-12-03,-2.4170000000000003,3967.44
2021-12-06,-2.4240000000000004,3932.17
2021-12-07,-2.4170000000000003,3910.65
2021-12-08,-2.4170000000000003,3905.56
2021-12-09,-2.4170000000000003,3903.02
2021-12-10,-2.415,3901.3
2021-12-13,-2.415,3890.83
2021-12-14,-2.4090000000000003,4003.09
2021-12-15,-2.4090000000000003,4000.1
2021-12-16,-2.407,4019.45
2021-12-17,-2.4040000000000004,4028.13
2021-12-20,-2.878,4007.16
2021-12-21,-2.855,4001.07
2021-12-22,-2.858,3999.62
2021-12-23,-2.862,3998.88
2021-12-24,-2.865,3993.43
2021-12-27,-2.866,3999.42
2021-12-28,-2.8640000000000003,4011.35
2021-12-29,-2.863,4038.04
2021-12-30,-2.855,4080.32
2022-01-03,-2.8640000000000003,4061.8
2022-01-04,-2.847,4081.55
2022-01-05,-2.861,4024.35
2022-01-06,-2.8640000000000003,4033.05
2022-01-07,-2.866,4051.08
2022-01-10,-2.866,4051.98
2022-01-11,-2.866,3993.25
2022-01-12,-2.866,3974.38
2022-01-13,-2.867,3967.85
2022-01-14,-2.8720000000000003,4004.03
2022-01-17,-2.8810000000000002,4007.11
2022-01-18,-2.9170000000000003,4038.09
2022-01-19,-2.894,3995.04
2022-01-20,-2.912,3977.23
2022-01-21,-2.887,3955.38
2022-01-24,-2.892,3977.05
2022-01-25,-2.878,3970.77
2022-01-26,-2.89,3930.4
2022-01-27,-2.889,3963.65
2022-01-28,-2.8800000000000003,3957.0
2022-01-31,-3.825,3947.01
2022-02-01,-3.831,3925.51
2022-02-02,-3.833,3932.49
2022-02-03,-3.8360000000000003,3954.19
2022-02-04,-3.835,3955.68
2022-02-07,-3.8360000000000003,3965.25
2022-02-08,-3.83,3948.21
2022-02-09,-3.844,3939.78
2022-02-10,-3.834,3920.2
2022-02-11,-3.8280000000000003,3930.02
2022-02-14,-3.8280000000000003,3944.5
2022-02-15,-3.826,3951.85
2022-02-16,-3.826,3963.52
2022-02-17,-3.8190000000000004,3932.55
2022-02-18,-3.8230000000000004,3930.74
2022-02-21,-3.8280000000000003,3938.31
2022-02-22,-3.833,3930.57
2022-02-23,-3.8280000000000003,3912.9
2022-02-24,-3.8360000000000003,3926.61
2022-02-25,-3.827,3913.0
2022-02-28,-3.8190000000000004,3937.94
2022-03-01,-3.8160000000000003,3884.13
2022-03-02,-3.821,3836.48
2022-03-03,-3.822,3756.42
2022-03-04,-3.8200000000000003,3826.49
2022-03-07,-3.8230000000000004,3812.31
2022-03-08,-3.83,3771.85
2022-03-09,-3.826,3742.9
2022-03-10,-3.813,3817.75
2022-03-11,-3.785,3819.95
2022-03-14,-3.7630000000000003,3798.66
2022-03-15,-3.6820000000000004,3831.95
2022-03-16,-3.769,3836.3
2022-03-17,-3.5690000000000004,3825.15
2022-03-18,-3.5700000000000003,3817.04
2022-03-22,-3.5919999999999996,3761.61
2022-03-23,-3.602,3784.82
2022-03-24,-3.606,3788.23
2022-03-25,-3.596,3794.11
2022-03-28,-3.591,3786.88
2022-03-29,-3.564,3756.11
2022-03-30,-3.587,3757.46
2022-03-31,-3.5869999999999997,3771.05
2022-04-01,-4.51,3754.66
2022-04-04,-4.5120000000000005,3706.02
2022-04-05,-4.506,3741.1
2022-04-06,-4.506,3750.45
2022-04-07,-4.4910000000000005,3769.5
2022-04-08,-4.4910000000000005,3754.0
2022-04-11,-4.49,3739.07
2022-04-12,-4.498,3732.73
2022-04-13,-4.513,3723.0
2022-04-14,-4.513,3721.5
2022-04-18,-4.518,3733.42
2022-04-19,-4.532,3749.82
2022-04-20,-4.545,3760.66
2022-04-21,-4.5600000000000005,3766.66
2022-04-22,-4.550000000000001,3857.75
2022-04-25,-4.542,3933.44
2022-04-26,-4.5329999999999995,3942.93
2022-04-27,-4.526,3955.54
2022-04-28,-4.535,3981.27
2022-04-29,-4.5409999999999995,3960.95
2022-05-02,-5.453,4010.02
2022-05-03,-5.458,4029.27
2022-05-04,-5.453,4066.36
2022-05-05,-4.956,4083.04
2022-05-06,-4.951,4053.93
2022-05-09,-4.95,4091.11
2022-05-10,-4.920999999999999,4074.07
2022-05-11,-4.9399999999999995,4086.02
2022-05-12,-4.926,4110.69
2022-05-13,-4.948,4109.88
2022-05-16,-4.944,4058.19
2022-05-17,-4.947,4029.43
2022-05-18,-4.958,4071.49
2022-05-19,-4.96,4053.3
2022-05-20,-4.971,3971.78
2022-05-23,-4.97,3977.52
2022-05-24,-4.971,3976.17
2022-05-25,-4.9719999999999995,3936.63
2022-05-26,-4.9719999999999995,3922.0
2022-05-27,-4.975,3932.59
2022-05-31,-4.9639999999999995,3772.1
2022-06-01,-4.966,3799.92
2022-06-02,-4.981,3773.9
2022-06-03,-4.992,3788.32
2022-06-06,-4.997,3795.43
2022-06-07,-5.0169999999999995,3784.8
2022-06-08,-5.017,3807.14
2022-06-09,-5.029,3850.67
2022-06-10,-5.03,3940.95
2022-06-13,-5.058999999999999,3970.75
2022-06-14,-5.085000000000001,3967.8
2022-06-15,-5.053999999999999,3892.35
2022-06-16,-4.309,3900.17
2022-06-17,-4.3149999999999995,3902.05
2022-06-21,-4.314,4023.94
2022-06-22,-4.311999999999999,4019.47
2022-06-23,-4.321999999999999,4108.38
2022-06-24,-4.308,4138.38
2022-06-28,-4.247,4096.76
2022-06-29,-4.257000000000001,4115.65
2022-06-30,-4.247,4155.11
2022-07-01,-5.609,4198.39
2022-07-04,-5.609,4188.58
2022-07-05,-5.599,4278.88
2022-07-06,-5.602,4352.71
2022-07-07,-5.6049999999999995,4395.35
2022-07-08,-5.606999999999999,4420.75
2022-07-11,-5.608,4575.04
2022-07-12,-5.6,4626.8
2022-07-13,-5.608,4490.4
2022-07-14,-5.609,4493.45
2022-07-15,-5.59,4361.45
2022-07-18,-5.575,4308.83
2022-07-19,-5.582,4321.85
2022-07-21,-5.604,4424.39
2022-07-22,-5.615,4464.5
2022-07-25,-5.587,4466.98
2022-07-26,-5.598999999999999,4446.58
2022-07-27,-5.58,4422.08
2022-07-28,-4.8149999999999995,4372.02
2022-07-29,-4.813000000000001,4295.52
2022-08-01,-6.223000000000001,4269.95
2022-08-02,-6.207,4325.2
2022-08-03,-6.222,4307.25
2022-08-04,-6.22,4289.45
2022-08-05,-6.229000000000001,4348.02
2022-08-08,-6.231,4316.9
2022-08-09,-6.216,4349.51
2022-08-10,-6.226000000000001,4273.0
2022-08-11,-6.224,4228.19
2022-08-12,-6.220000000000001,4160.1
2022-08-16,-6.219,4247.59
2022-08-17,-6.216,4345.24
2022-08-18,-6.232000000000001,4389.88
2022-08-19,-6.234,4377.35
2022-08-22,-6.236000000000001,4397.12
2022-08-23,-6.24,4357.39
2022-08-24,-6.242000000000001,4409.25
2022-08-25,-6.234,4393.1
2022-08-26,-6.232000000000001,4403.95
2022-08-29,-6.226000000000001,4369.2
2022-08-30,-6.207999999999999,4421.52
2022-08-31,-6.2139999999999995,4429.17
2022-09-01,-6.220999999999999,4486.85
2022-09-02,-6.213,4482.63
2022-09-05,-6.220999999999999,4474.55
2022-09-06,-6.222,4478.55
2022-09-07,-6.222000000000001,4404.47
2022-09-08,-6.223000000000001,4397.19
2022-09-09,-6.222000000000001,4353.27
2022-09-12,-6.216000000000001,4359.58
2022-09-13,-6.2010000000000005,4412.0
2022-09-14,-6.223000000000001,4386.49
2022-09-15,-6.226000000000001,4418.66
2022-09-16,-6.24,4435.9
2022-09-19,-6.241,4406.2
2022-09-20,-6.256,4423.8
2022-09-21,-6.273,4403.75
2022-09-22,-5.539,4367.91
2022-09-23,-5.547000000000001,4448.02
2022-09-26,-5.529,4544.03
2022-09-27,-5.529,4559.81
2022-09-28,-5.533999999999999,4487.17
2022-09-29,-5.553999999999999,4530.47
2022-09-30,-6.421999999999999,4608.75
2022-10-03,-6.413,4530.05
2022-10-04,-6.385000000000001,4498.52
2022-10-05,-6.388000000000001,4582.2
2022-10-06,-6.376,4609.27
2022-10-07,-6.3790000000000004,4622.88
2022-10-10,-6.380999999999999,4606.02
2022-10-11,-6.380999999999999,4607.25
2022-10-12,-6.393,4607.33
2022-10-13,-6.405,4575.7
2022-10-14,-6.401000000000001,4698.5
2022-10-17,-6.391000000000001,4685.92
2022-10-18,-6.403,4766.05
2022-10-19,-6.403,4841.75
2022-10-20,-6.413,4906.8
2022-10-21,-6.408000000000001,4915.58
2022-10-24,-6.425000000000001,4990.7
2022-10-25,-6.411,4976.25
2022-10-26,-6.416,4886.46
2022-10-27,-6.403,4822.41
2022-10-28,-6.367999999999999,4833.4
2022-10-31,-7.235,4940.08
2022-11-01,-7.245,5008.67
2022-11-02,-7.234000000000001,5011.58
2022-11-03,-6.483,5075.25
2022-11-04,-6.482,5120.15
2022-11-08,-6.477,4950.2
2022-11-09,-6.493,4878.71
2022-11-10,-6.475000000000001,4801.95
2022-11-11,-6.470000000000001,4808.95
2022-11-14,-6.46,4805.54
2022-11-15,-6.478000000000001,4858.7
2022-11-16,-6.491,4952.85
2022-11-17,-6.505999999999999,4992.25
2022-11-18,-6.481000000000001,4988.42
2022-11-21,-6.499,4945.63
2022-11-22,-6.488,4905.27
2022-11-23,-6.497000000000001,4890.2
2022-11-24,-6.495,4885.58
2022-11-25,-6.456,4866.17
2022-11-28,-6.47,4834.51
2022-11-29,-6.459999999999999,4809.52
2022-11-30,-6.427,4834.25
2022-12-01,-6.4719999999999995,4765.75
2022-12-02,-6.481999999999999,4776.65
2022-12-05,-6.484999999999999,4839.85
2022-12-06,-6.487000000000001,4834.0
2022-12-07,-6.483,4827.99
2022-12-09,-6.497000000000001,4809.6
2022-12-12,-6.497000000000001,4849.2
2022-12-13,-6.497000000000001,4763.41
2022-12-14,-6.492,4781.17
2022-12-15,-5.9719999999999995,4793.72
2022-12-16,-5.9719999999999995,4787.8
2022-12-19,-6.874,4777.12
2022-12-20,-6.863,4769.23
2022-12-21,-6.867,4770.09
2022-12-22,-6.867,4761.78
2022-12-23,-6.867,4737.68
2022-12-26,-6.851999999999999,4741.75
2022-12-27,-6.851,4765.7
2022-12-28,-6.848,4774.5
2022-12-29,-6.844,4852.5
2023-01-03,-6.78,4896.24
2023-01-04,-6.799,4929.67
2023-01-05,-6.8,4966.75
2023-01-06,-6.803,4855.48
2023-01-10,-6.81,4787.6
2023-01-11,-6.826,4733.1
2023-01-12,-6.803999999999999,4685.04
2023-01-13,-6.825,4688.68
2023-01-16,-6.785000000000001,4681.81
2023-01-17,-6.789000000000001,4734.3
2023-01-18,-6.819999999999999,4696.9
2023-01-19,-6.81,4669.98
2023-01-20,-6.821000000000001,4585.58
2023-01-23,-6.8389999999999995,4544.55
2023-01-24,-6.8500000000000005,4522.19
2023-01-25,-6.851,4538.83
2023-01-26,-6.877,4519.0
2023-01-27,-6.876,4577.04
2023-01-30,-7.546,4654.9
2023-01-31,-7.505,4670.86
2023-02-01,-7.526000000000001,4625.24
2023-02-02,-7.287,4619.66
2023-02-03,-7.287999999999999,4697.77
2023-02-06,-7.297,4786.74
2023-02-07,-7.303999999999999,4727.5
2023-02-08,-7.315,4761.02
2023-02-09,-7.3180000000000005,4736.06
2023-02-10,-7.324000000000001,4799.67
2023-02-13,-7.324000000000001,4787.75
2023-02-14,-7.3389999999999995,4797.54
2023-02-15,-7.337000000000001,4925.01
2023-02-16,-7.317000000000001,4924.13
2023-02-17,-7.295000000000001,4906.4
2023-02-20,-7.3020000000000005,4913.74
2023-02-21,-7.319,4959.95
2023-02-22,-7.326,4896.2
2023-02-23,-7.319999999999999,4857.38
2023-02-24,-7.279000000000001,4837.13
2023-02-27,-7.250000000000001,4761.75
2023-02-28,-7.1450000000000005,4862.66
2023-03-01,-7.1209999999999996,4832.35
2023-03-02,-7.098,4806.59
2023-03-03,-7.125000000000001,4784.42
2023-03-06,-7.1659999999999995,4704.96
2023-03-07,-7.274,4767.74
2023-03-08,-7.173000000000001,4777.66
2023-03-10,-7.037,4713.45
2023-03-13,-7.0200000000000005,4768.17
2023-03-14,-7.0680000000000005,4740.71
2023-03-15,-7.07,4844.01
2023-03-16,-7.182,4877.04
2023-03-17,-7.205000000000001,4827.25
2023-03-21,-7.205000000000001,4803.06
2023-03-22,-7.213,4768.04
2023-03-23,-6.920000000000001,4742.88
2023-03-24,-6.9479999999999995,4735.7
2023-03-27,-6.9590000000000005,4687.87
2023-03-28,-6.939,4668.47
2023-03-29,-6.9990000000000006,4614.33
2023-03-30,-7.009,4623.09
2023-04-03,-7.175000000000001,4604.77
2023-04-04,-7.218,4582.35
2023-04-05,-7.247000000000001,4568.55
2023-04-10,-7.239,4556.34
2023-04-11,-7.233,4509.46
2023-04-12,-7.236,4450.46
2023-04-13,-7.223,4418.67
2023-04-14,-7.252,4414.93
2023-04-17,-7.261,4437.46
2023-04-18,-7.264,4491.38
2023-04-19,-7.264,4520.89
2023-04-20,-7.264,4537.3
2023-04-21,-7.264,4514.3
2023-04-24,-7.273000000000001,4482.52
2023-04-25,-7.281,4477.33
2023-04-26,-7.282000000000001,4534.0
2023-04-27,-7.275000000000001,4652.06
2023-04-28,-7.276000000000001,4695.27
2023-05-02,-7.4799999999999995,4694.14
2023-05-03,-7.4750000000000005,4662.52
2023-05-04,-7.2250000000000005,4602.98
2023-05-05,-7.224000000000001,4524.86
2023-05-08,-7.226,4508.6
2023-05-09,-7.217,4556.24
2023-05-10,-7.226,4547.33
2023-05-11,-7.235,4567.13
2023-05-12,-7.238,4552.89
2023-05-15,-7.228000000000001,4492.5
2023-05-16,-7.238,4526.18
2023-05-17,-7.238,4505.75
2023-05-18,-7.250000000000001,4520.41
2023-05-19,-7.264,4531.19
2023-05-23,-7.268,4478.25
2023-05-24,-7.258,4447.98
2023-05-25,-7.253000000000001,4489.13
2023-05-26,-7.293,4445.77
2023-05-29,-7.265,4431.25
2023-05-30,-7.253000000000001,4392.75
2023-05-31,-7.2330000000000005,4451.11
2023-06-01,-7.26,4396.88
2023-06-02,-7.238999999999999,4349.6
2023-06-05,-7.249,4281.15
2023-06-06,-7.221000000000001,4228.0
2023-06-07,-7.232,4209.54
2023-06-08,-7.232,4170.58
2023-06-09,-7.237000000000001,4170.08
2023-06-13,-7.255,4195.05
2023-06-14,-7.2700000000000005,4172.51
2023-06-15,-7.267,4153.36
2023-06-16,-7.294,4162.25
2023-06-20,-7.276000000000001,4161.11
2023-06-21,-7.274,4146.48
2023-06-22,-7.239,4101.45
2023-06-23,-7.238,4187.48
2023-06-26,-7.222,4172.82
2023-06-27,-7.222,4170.0
2023-06-28,-7.212000000000001,4146.6
2023-06-29,-7.2139999999999995,4166.01
2023-06-30,-7.18,4171.7
2023-07-04,-7.201,4140.0
2023-07-05,-7.205000000000001,4137.63
2023-07-06,-7.215000000000001,4188.39
2023-07-07,-7.205000000000001,4155.0
2023-07-10,-7.21,4163.0
2023-07-11,-7.212000000000001,4183.62
2023-07-12,-7.22,4127.82
2023-07-13,-7.215000000000001,4096.17
2023-07-14,-7.226999999999999,4071.52
2023-07-17,-7.226,4039.11
2023-07-18,-7.215000000000001,3996.45
2023-07-19,-7.251,3977.0
2023-07-21,-7.262,3955.2
2023-07-24,-7.265,3949.3
2023-07-25,-7.260000000000001,3959.36
2023-07-26,-7.2459999999999996,3943.95
2023-07-27,-6.965000000000001,3934.65
2023-07-28,-6.972,3916.0
2023-07-31,-6.951,3891.2
2023-08-01,-6.974000000000001,3955.84
2023-08-02,-6.986,4057.05
2023-08-03,-7.003000000000001,4156.25
2023-08-04,-6.976999999999999,4065.52
2023-08-08,-6.987000000000001,4078.52
2023-08-09,-6.989999999999999,4016.23
2023-08-10,-6.9959999999999996,3951.98
2023-08-11,-6.998,3968.88
2023-08-14,-6.976,4035.1
2023-08-15,-6.978000000000001,4087.63
2023-08-16,-7.005999999999999,4131.48
2023-08-17,-7.017,4100.21
2023-08-18,-7.021999999999999,4130.84
2023-08-22,-7.005,4110.38
2023-08-23,-7.037999999999999,4085.23
2023-08-24,-7.045000000000001,4087.98
2023-08-25,-7.028,4127.58
2023-08-28,-6.955000000000001,4110.88
2023-08-29,-6.928,4099.87
2023-08-30,-6.95,4091.73
2023-08-31,-6.944,4095.81
2023-09-01,-6.972,4064.0
2023-09-04,-6.990000000000001,4052.75
2023-09-05,-6.9479999999999995,4084.0
2023-09-06,-6.9750000000000005,4074.4
2023-09-07,-6.9750000000000005,4038.93
2023-09-08,-6.962000000000001,4023.5
2023-09-11,-6.9159999999999995,3989.61
2023-09-12,-6.867,3983.74
2023-09-13,-6.915,3950.23
2023-09-14,-6.951,3920.54
2023-09-15,-6.972,3924.17
2023-09-18,-6.978000000000001,3926.35
2023-09-19,-6.9639999999999995,3911.24
2023-09-20,-7.007000000000001,3916.77
2023-09-21,-7.023000000000001,3924.0
2023-09-22,-7.010000000000001,3978.84
2023-09-25,-6.956,4052.08
2023-09-26,-6.953,4064.2
2023-09-27,-6.971,4093.75
2023-09-28,-6.977000000000001,4075.77
2023-09-29,-6.977000000000001,4067.88
2023-10-02,-6.975,4158.75
2023-10-03,-6.959999999999999,4217.5
2023-10-04,-6.969999999999999,4264.25
2023-10-05,-6.993,4349.5
2023-10-06,-7.005,4339.4
2023-10-09,-6.9799999999999995,4317.6
2023-10-10,-6.9639999999999995,4229.44
2023-10-11,-6.973,4229.66
2023-10-12,-6.978000000000001,4224.77
2023-10-13,-6.9750000000000005,4237.16
2023-10-17,-6.9750000000000005,4192.0
2023-10-18,-6.985,4236.7
2023-10-19,-6.998,4229.78
2023-10-20,-7.012,4225.28
2023-10-23,-7.026000000000001,4225.03
2023-10-24,-7.035000000000001,4217.31
2023-10-25,-7.007000000000001,4195.28
2023-10-26,-6.988,4128.66
2023-10-27,-6.9590000000000005,4108.29
2023-10-30,-6.952000000000001,4066.04
2023-10-31,-6.880000000000001,4119.25
2023-11-01,-6.901,4105.54
2023-11-02,-6.92,4046.5
2023-11-03,-6.9559999999999995,3977.38
2023-11-07,-6.972999999999999,4014.48
2023-11-08,-6.9670000000000005,4080.5
2023-11-09,-6.9670000000000005,4025.69
2023-11-10,-6.975,4035.0
2023-11-14,-6.991999999999999,3968.75
2023-11-15,-7.001999999999999,4022.5
2023-11-16,-6.99,4091.27
2023-11-17,-7.0009999999999994,4092.48
2023-11-20,-6.976,4036.14
2023-11-21,-6.9910000000000005,4072.5
2023-11-22,-7.016000000000001,4070.25
2023-11-23,-7.001,4067.35
2023-11-24,-6.984999999999999,4039.62
2023-11-27,-6.948,3976.94
2023-11-28,-6.943999999999999,3953.98
2023-11-29,-6.954,3992.32
2023-11-30,-6.926,4035.48
2023-12-01,-6.8660000000000005,3967.85
2023-12-04,-6.848,4017.72
2023-12-05,-6.840999999999999,3998.2
2023-12-06,-6.904,4000.4
2023-12-07,-6.945,3991.38
2023-12-11,-6.93,3985.75
2023-12-12,-6.9639999999999995,3996.19
2023-12-13,-6.924,3998.52
2023-12-14,-6.863,3967.0
2023-12-15,-6.888999999999999,3938.0
2023-12-18,-6.911999999999999,3935.5
2023-12-19,-6.88,3935.25
2023-12-20,-6.731000000000001,3941.62
2023-12-21,-6.748,3948.24
2023-12-22,-6.708,3905.59
2023-12-26,-6.7059999999999995,3858.45
2023-12-27,-6.628000000000001,3829.26
2023-12-28,-6.648,3854.92
2024-01-02,-6.628,3881.5
2024-01-03,-6.668,3920.38
2024-01-04,-6.743,3933.5
2024-01-05,-6.749,3877.54
2024-01-09,-6.751,3939.31
2024-01-10,-6.736,3941.25
2024-01-11,-6.712000000000001,3924.73
2024-01-12,-6.749,3912.53
2024-01-15,-6.753000000000001,3906.25
2024-01-16,-6.734999999999999,3942.69
2024-01-17,-6.747999999999999,3966.11
2024-01-18,-6.747000000000001,3918.32
2024-01-19,-6.750000000000001,3910.64
2024-01-22,-6.7459999999999996,3901.38
2024-01-23,-6.744000000000001,3953.31
2024-01-24,-6.739,3917.13
2024-01-25,-6.731999999999999,3941.18
2024-01-26,-6.735999999999999,3912.6
2024-01-29,-6.737000000000001,3930.0
2024-01-30,-6.711000000000001,3915.0
2024-01-31,-6.696,3914.9
2024-02-01,-6.510999999999999,3888.25
2024-02-02,-6.494,3935.8
2024-02-05,-6.519000000000001,3966.59
2024-02-06,-6.508,3953.5
2024-02-07,-6.508,3958.39
2024-02-08,-6.522000000000001,3948.51
2024-02-09,-6.524,3922.34
2024-02-12,-6.506000000000001,3915.39
2024-02-13,-6.505,3925.2
2024-02-14,-6.5200000000000005,3917.5
2024-02-15,-6.526000000000001,3909.5
2024-02-16,-6.519000000000001,3908.54
2024-02-19,-6.519000000000001,3912.7
2024-02-20,-6.537,3921.9
2024-02-21,-6.537999999999999,3925.48
2024-02-22,-6.539000000000001,3929.02
2024-02-23,-6.529000000000001,3964.07
2024-02-26,-6.529000000000001,3958.87
2024-02-27,-6.515,3933.04
2024-02-28,-6.518,3925.0
2024-02-29,-6.504,3925.76
2024-03-01,-6.5040000000000004,3947.61
2024-03-04,-6.508,3941.96
2024-03-05,-6.518,3945.02
2024-03-06,-6.512,3921.27
2024-03-07,-6.4910000000000005,3916.7
2024-03-08,-6.500000000000001,3901.75
2024-03-11,-6.517,3915.11
2024-03-12,-6.506000000000001,3924.38
2024-03-13,-6.527,3904.33
2024-03-14,-6.528,3893.81
2024-03-15,-6.529000000000001,3882.89
2024-03-18,-6.53,3896.5
2024-03-19,-6.53,3879.7
2024-03-20,-6.53,3893.73
2024-03-21,-6.518,3902.02
2024-03-22,-6.517,3894.44
2024-03-26,-6.08,3856.88
2024-03-27,-6.0600000000000005,3852.31
2024-04-01,-6.050000000000001,3864.23
2024-04-02,-6.0600000000000005,3829.73
2024-04-03,-6.0809999999999995,3813.0
2024-04-04,-6.077,3767.95
2024-04-05,-6.064,3766.05
2024-04-08,-6.032000000000001,3770.01
2024-04-09,-5.9910000000000005,3773.99
2024-04-10,-6.065,3810.85
2024-04-11,-6.077000000000001,3827.47
2024-04-12,-6.048000000000001,3861.6
2024-04-15,-6.074999999999999,3902.36
2024-04-16,-6.088,3917.05
2024-04-17,-6.0889999999999995,3901.73
2024-04-18,-6.098999999999999,3938.2
2024-04-19,-6.082,3910.34
2024-04-22,-6.082,3915.84
2024-04-23,-6.082,3909.38
2024-04-24,-6.090000000000001,3939.21
2024-04-25,-6.090000000000001,3955.52
2024-04-26,-6.073,3902.9
2024-04-29,-6.071999999999999,3866.4
2024-04-30,-6.057,3919.57
2024-05-02,-5.647000000000001,3905.05
2024-05-03,-5.644000000000001,3913.25
2024-05-06,-5.649,3896.05
2024-05-07,-5.649,3887.56
2024-05-08,-5.649,3899.26
2024-05-09,-5.649,3898.75
2024-05-10,-5.649,3889.21
2024-05-14,-5.6450000000000005,3847.0
2024-05-15,-5.641000000000001,3823.17
2024-05-16,-5.650000000000001,3829.75
2024-05-17,-5.651000000000001,3829.43
2024-05-20,-5.651000000000001,3817.92
2024-05-21,-5.652,3814.15
2024-05-22,-5.652,3827.96
2024-05-23,-5.653,3866.94
2024-05-24,-5.647,3874.83
2024-05-27,-5.654,3874.4
2024-05-28,-5.648999999999999,3846.53
2024-05-29,-5.632,3875.0
2024-05-30,-5.632,3868.91
2024-05-31,-5.615,3867.04
2024-06-04,-5.629,3936.57
2024-06-05,-5.632,3935.27
2024-06-06,-5.632,3937.61
2024-06-07,-5.632,3934.5
2024-06-11,-5.6419999999999995,3985.31
2024-06-12,-5.652,4027.61
2024-06-13,-5.655,4147.88
2024-06-14,-5.655,4139.44
2024-06-17,-5.635,4130.58
2024-06-18,-5.630000000000001,4137.0
2024-06-19,-5.631,4160.85
2024-06-20,-5.6419999999999995,4172.91
2024-06-21,-5.652,4145.99
2024-06-24,-5.652,4091.17
2024-06-25,-5.632,4099.33
2024-06-26,-5.622,4136.72
2024-06-27,-5.617000000000001,4167.98
2024-06-28,-5.625,4153.08
2024-07-02,-5.1690000000000005,4128.61
2024-07-03,-5.180999999999999,4102.34
2024-07-04,-5.191000000000001,4097.38
2024-07-05,-5.196999999999999,4087.41
2024-07-08,-5.196,4048.04
2024-07-09,-5.18,4016.03
2024-07-10,-5.177,3969.92
2024-07-11,-5.176,3978.4
2024-07-12,-5.176,3922.1
2024-07-15,-5.182,3947.79
2024-07-16,-5.172000000000001,3982.46
2024-07-17,-5.176,4002.71
2024-07-18,-5.192,4044.66
2024-07-19,-5.198,4037.56
2024-07-22,-5.202,3995.69
2024-07-23,-5.194000000000001,4010.93
2024-07-24,-5.189,4042.73
2024-07-25,-5.177,4031.75
2024-07-26,-5.173,4024.06
2024-07-29,-5.191000000000001,4065.92
2024-07-30,-5.188000000000001,4084.93
2024-07-31,-5.1290000000000004,4063.9
2024-08-01,-4.7219999999999995,4087.66
2024-08-02,-4.719000000000001,4132.0
2024-08-05,-4.754999999999999,4156.5
2024-08-06,-4.746,4139.52
2024-08-08,-4.734999999999999,4073.0
2024-08-09,-4.7379999999999995,4072.09
2024-08-12,-4.729000000000001,4055.28
2024-08-13,-4.734,4032.41
2024-08-14,-4.746,4019.63
2024-08-15,-4.727,4011.71
2024-08-16,-4.757,4030.25
2024-08-20,-4.76,4010.55
2024-08-21,-4.7700000000000005,4029.54
2024-08-22,-4.769000000000001,4063.99
2024-08-23,-4.747999999999999,4028.51
2024-08-26,-4.739000000000001,4024.91
2024-08-27,-4.720000000000001,4038.35
2024-08-28,-4.727,4096.5
2024-08-29,-4.741999999999999,4120.09
2024-08-30,-4.753,4177.58
2024-09-02,-4.7490000000000006,4165.62
2024-09-03,-4.731999999999999,4185.7
2024-09-04,-4.724,4172.84
2024-09-05,-4.723000000000001,4158.04
2024-09-06,-4.731,4174.4
2024-09-09,-4.731,4243.67
2024-09-10,-4.743,4280.35
2024-09-11,-4.751999999999999,4269.8
2024-09-12,-4.743,4208.77
2024-09-13,-4.743,4184.62
2024-09-16,-4.6930000000000005,4233.9
2024-09-17,-4.694,4211.66
2024-09-18,-4.744999999999999,4182.07
2024-09-19,-5.256,4160.62
2024-09-20,-5.246,4151.59
2024-09-23,-5.247999999999999,4157.5
2024-09-24,-5.242000000000001,4154.25
2024-09-25,-5.241,4198.43
2024-09-26,-5.252000000000001,4158.96
2024-09-27,-5.234999999999999,4178.15
2024-09-30,-5.114999999999999,4206.9
2024-10-01,-4.577000000000001,4221.89
2024-10-02,-4.710000000000001,4183.12
2024-10-03,-4.780000000000001,4191.27
2024-10-04,-4.802999999999999,4169.09
2024-10-07,-4.798,4214.95
2024-10-08,-4.792,4227.37
2024-10-09,-4.797000000000001,4234.76
2024-10-10,-4.808,4201.27
2024-10-11,-4.820000000000001,4209.42
2024-10-15,-4.774,4247.75
2024-10-16,-4.774,4264.13
2024-10-17,-4.784000000000001,4256.74
2024-10-18,-4.788,4272.1
2024-10-21,-4.811,4276.25
2024-10-22,-4.802999999999999,4265.07
2024-10-23,-4.807,4316.83
2024-10-24,-4.805,4301.0
2024-10-25,-4.808999999999999,4327.5
2024-10-28,-4.818,4336.36
2024-10-29,-4.814,4388.25
2024-10-30,-4.821000000000001,4417.25
2024-10-31,-4.734999999999999,4423.83
2024-11-01,-4.3180000000000005,4435.79
2024-11-05,-4.3629999999999995,4408.36
2024-11-06,-4.365000000000001,4412.2
2024-11-07,-4.359,4308.04
2024-11-08,-4.579000000000001,4361.71
2024-11-12,-4.579000000000001,4452.0
2024-11-13,-4.589,4478.56
2024-11-14,-4.599,4486.0
2024-11-15,-4.609,4429.77
2024-11-18,-4.609,4402.75
2024-11-19,-4.612,4391.99
2024-11-20,-4.6209999999999996,4402.06
2024-11-21,-4.6080000000000005,4392.45
2024-11-22,-4.605,4416.49
2024-11-25,-4.6,4385.8
2024-11-26,-4.602,4402.38
2024-11-27,-4.6129999999999995,4386.95
2024-11-28,-4.613999999999999,4402.49
2024-11-29,-4.590999999999999,4433.36
2024-12-02,-4.5409999999999995,4460.08
2024-12-03,-4.542000000000001,4440.81
2024-12-04,-4.588000000000001,4415.73
2024-12-05,-4.593,4415.27
2024-12-06,-4.583,4407.95
2024-12-09,-4.553,4372.26
2024-12-10,-4.5360000000000005,4371.19
2024-12-11,-4.558000000000001,4345.1
2024-12-12,-4.5569999999999995,4346.97
2024-12-13,-4.582000000000001,4317.91
2024-12-16,-4.5329999999999995,4321.25
2024-12-17,-4.56,4345.8
2024-12-18,-4.609,4372.84
2024-12-19,-4.883,4378.59
2024-12-20,-4.883,4386.38
2024-12-23,-4.648000000000001,4419.98
2024-12-24,-4.558,4373.69
2024-12-26,-4.428,4383.85
2024-12-27,-4.499,4408.03
2024-12-30,-4.590000000000001,4404.8
2024-12-31,-4.470000000000001,4405.77
2025-01-02,-4.555999999999999,4375.3
2025-01-03,-4.636,4346.85
2025-01-07,-4.6850000000000005,4340.06
2025-01-08,-4.671,4327.2
2025-01-09,-4.6610000000000005,4332.0
2025-01-10,-4.664000000000001,4345.0
2025-01-13,-4.6770000000000005,4306.75
2025-01-14,-4.682999999999999,4294.5
2025-01-15,-4.684,4302.14
2025-01-16,-4.674,4343.73
2025-01-17,-4.674,4335.35
2025-01-20,-4.680000000000001,4318.75
2025-01-21,-4.680000000000001,4306.16
2025-01-22,-4.671,4266.2
2025-01-23,-4.623000000000001,4230.88
2025-01-24,-4.634,4178.25
2025-01-27,-4.641,4198.48
2025-01-28,-4.635,4219.0
2025-01-29,-4.639000000000001,4169.15
2025-01-30,-4.634999999999999,4155.03
2025-01-31,-4.62,4209.33
2025-02-03,-4.652000000000001,4161.71
2025-02-04,-4.654,4160.14
2025-02-05,-4.647,4176.42
2025-02-06,-4.642,4135.67
2025-02-07,-4.634,4122.38
2025-02-10,-4.629,4137.3
2025-02-11,-4.649000000000001,4139.46
2025-02-12,-4.683,4167.04
2025-02-13,-4.635999999999999,4139.08
2025-02-14,-4.6259999999999994,4126.25
2025-02-17,-4.6240000000000006,4126.85
2025-02-18,-4.582999999999999,4093.0
2025-02-19,-4.595000000000001,4101.37
2025-02-20,-4.6259999999999994,4076.72
2025-02-21,-4.620000000000001,4082.25
2025-02-24,-4.621,4118.26
2025-02-25,-4.635999999999999,4128.66
2025-02-26,-4.632,4103.88
2025-02-27,-4.608999999999999,4131.46
2025-02-28,-4.562,4154.14
2025-03-03,-4.628,4108.13
2025-03-04,-4.629,4159.5
2025-03-05,-4.6129999999999995,4112.75
2025-03-06,-4.604000000000001,4102.99
2025-03-07,-4.6129999999999995,4130.83
2025-03-10,-4.622,4179.77
2025-03-11,-4.626999999999999,4132.3
2025-03-12,-4.64,4107.04
2025-03-13,-4.656,4124.38
2025-03-14,-4.651000000000001,4100.22
2025-03-17,-4.632,4072.39
2025-03-18,-4.646,4118.11
2025-03-19,-4.665,4162.88
2025-03-20,-4.665,4171.58
2025-03-21,-4.655,4144.75
2025-03-25,-4.6259999999999994,4107.81
2025-03-26,-4.605,4129.0
2025-03-27,-4.594,4170.55
2025-03-28,-4.6129999999999995,4201.7
2025-03-31,-4.564,4182.91
2025-04-01,-4.562,4145.5
2025-04-02,-4.582,4156.13
2025-04-03,-4.561000000000001,4156.2
2025-04-04,-4.603,4274.23
2025-04-07,-4.622,4384.8
2025-04-08,-4.552,4425.25
2025-04-09,-4.531000000000001,4319.28
2025-04-10,-4.581,4333.35
2025-04-11,-4.621,4276.97
2025-04-14,-4.622999999999999,4298.31
2025-04-15,-4.592,4355.02
2025-04-16,-4.642,4305.77
2025-04-21,-4.640000000000001,4281.54
2025-04-22,-4.655,4294.62
2025-04-23,-4.674,4306.42
2025-04-24,-4.664000000000001,4266.84
2025-04-25,-4.622999999999999,4217.75
2025-04-28,-4.592999999999999,4217.08
2025-04-29,-4.594,4186.64
2025-04-30,-4.542999999999999,4226.88
2025-05-01,-4.563,4242.65
2025-05-02,-4.364,4250.16
2025-05-05,-4.397,4300.22
2025-05-06,-4.407,4305.67
2025-05-07,-4.424,4284.83
2025-05-08,-4.431,4251.67
2025-05-09,-4.438,4224.45
2025-05-12,-4.444,4226.51
2025-05-13,-4.425,4219.56
2025-05-14,-4.437,4181.17
2025-05-15,-4.415,4200.56
2025-05-16,-4.424,4176.25
2025-05-19,-4.436000000000001,4173.03
2025-05-20,-4.457000000000001,4167.2
2025-05-21,-4.4670000000000005,4176.57
2025-05-22,-4.465,4175.38
2025-05-23,-4.4670000000000005,4150.95
2025-05-26,-4.471,4149.95
2025-05-27,-4.424,4112.01
2025-05-28,-4.407,4124.92
2025-05-29,-4.4079999999999995,4119.47
2025-05-30,-4.386000000000001,4160.22
2025-06-03,-4.413,4107.95
2025-06-04,-4.451,4108.95
2025-06-05,-4.437,4108.8
2025-06-06,-4.44,4115.39
2025-06-09,-4.441,4141.54
2025-06-10,-4.451,4205.71
2025-06-11,-4.45,4180.19
2025-06-12,-4.45,4153.25
2025-06-13,-4.4479999999999995,4131.56
2025-06-16,-4.4079999999999995,4104.95
2025-06-17,-4.419,4099.86
2025-06-18,-4.4479999999999995,4068.2
2025-06-19,-4.4479999999999995,4077.72
2025-06-20,-4.44,4094.82
2025-06-24,-4.430000000000001,4077.5
2025-06-25,-4.374,4061.75
2025-06-26,-4.336,4040.25
2025-06-27,-4.3389999999999995,4099.51
2025-07-01,-4.287999999999999,4027.35
2025-07-02,-4.327999999999999,3994.4
2025-07-03,-4.378,3983.84
2025-07-04,-4.377000000000001,3984.45
2025-07-07,-4.398,4043.05
2025-07-08,-4.388,4047.23
2025-07-09,-4.408999999999999,4007.9
2025-07-10,-4.418,4010.75
2025-07-11,-4.418,4000.65
2025-07-14,-4.4,4001.53
2025-07-15,-4.36,4027.01
2025-07-16,-4.388999999999999,4014.09
2025-07-17,-4.390000000000001,4019.74
2025-07-18,-4.430000000000001,4015.52
2025-07-21,-4.45,4044.73
2025-07-22,-4.45,4075.65
2025-07-23,-4.453,4044.73
2025-07-24,-4.435,4072.67
2025-07-25,-4.376,4140.37
2025-07-28,-4.371999999999999,4166.29
2025-07-29,-4.373,4142.13
2025-07-30,-4.41,4181.7
2025-07-31,-4.3389999999999995,4185.58
2025-08-01,-4.388,4127.2
2025-08-04,-4.398999999999999,4097.52
2025-08-05,-4.390000000000001,4089.69
2025-08-06,-4.388,4046.19
2025-08-08,-4.379,4050.11
2025-08-11,-4.388,4034.21
2025-08-12,-4.367,4017.76
2025-08-13,-4.397,4028.49
2025-08-14,-4.386000000000001,4052.4
2025-08-15,-4.3660000000000005,4014.7
2025-08-19,-4.398,4032.15
2025-08-20,-4.417000000000001,4020.48
2025-08-21,-4.41,4030.6
2025-08-22,-4.37,4010.8
2025-08-25,-4.358,4026.1
2025-08-26,-4.348,4054.23
2025-08-27,-4.367,4029.23
2025-08-28,-4.390000000000001,4026.55
2025-08-29,-4.3870000000000005,4017.05
2025-09-01,-4.3870000000000005,4016.55
2025-09-02,-4.337000000000001,4003.04
2025-09-03,-4.337000000000001,4005.4
2025-09-04,-4.317,3987.1
2025-09-05,-4.306000000000001,3959.51
2025-09-08,-4.327,3940.35
2025-09-09,-4.328999999999999,3922.1
2025-09-10,-4.337000000000001,3924.25
2025-09-11,-4.317,3893.02
2025-09-12,-4.307,3896.5
2025-09-15,-4.218,3905.95
2025-09-16,-4.3389999999999995,3870.56
2025-09-17,-4.3500000000000005,3877.68
2025-09-18,-4.590000000000001,3894.98
2025-09-19,-4.590000000000001,3865.37
2025-09-22,-4.590000000000001,3846.2
2025-09-23,-4.608999999999999,3856.86
2025-09-24,-4.598999999999999,3883.29
2025-09-25,-4.5489999999999995,3904.35
2025-09-26,-4.57,3900.6
2025-09-29,-4.601,3919.32
2025-09-30,-4.49,3920.46
2025-10-01,-4.528,3879.38
2025-10-02,-4.528,3885.67
2025-10-03,-4.551,3869.8
2025-10-06,-4.578999999999999,3854.89
2025-10-07,-4.591,3875.21
2025-10-08,-4.61,3891.88
2025-10-09,-4.601,3885.77
2025-10-10,-4.581999999999999,3923.53
2025-10-14,-4.54,3924.17
2025-10-15,-4.44,3894.88
2025-10-16,-4.430000000000001,3844.59
2025-10-17,-4.5489999999999995,3831.32
2025-10-20,-4.57,3884.52
2025-10-21,-4.497999999999999,3892.88
2025-10-22,-4.518,3909.61
2025-10-23,-4.487,3882.05
2025-10-24,-4.488999999999999,3852.07
2025-10-27,-4.457000000000001,3848.27
2025-10-28,-4.419,3897.41
2025-10-29,-4.460000000000001,3873.6
2025-10-30,-4.688999999999999,3862.4
2025-10-31,-4.510000000000001,3854.68
2025-11-04,-4.731,3857.9
2025-11-05,-4.82,3834.5
2025-11-06,-4.808,3785.9
2025-11-07,-4.802,3783.68
2025-11-10,-4.781,3754.4
2025-11-11,-4.783,3736.47
2025-11-12,-4.753,3707.02
2025-11-13,-4.734,3745.98
2025-11-14,-4.784,3755.13
2025-11-17,-4.734,3755.94
2025-11-18,-4.796000000000001,3722.17
2025-11-19,-4.8260000000000005,3713.67
2025-11-20,-4.824999999999999,3763.92
2025-11-21,-4.802,3807.4
2025-11-24,-4.768999999999999,3801.71
2025-11-25,-4.7170000000000005,3813.3
2025-11-26,-4.673000000000001,3729.34
2025-11-27,-4.660000000000001,3743.55
2025-11-28,-4.537999999999999,3755.34
2025-12-01,-4.492,3815.61
2025-12-02,-4.542,3811.0
2025-12-03,-4.694,3763.79
2025-12-04,-4.766,3799.05
2025-12-05,-4.741,3842.61
2025-12-09,-4.785,3864.73
2025-12-10,-4.821,3839.77
2025-12-11,-5.061,3802.73
2025-12-12,-5.056000000000001,3800.46
2025-12-15,-4.977,3830.05
2025-12-16,-5.037000000000001,3843.64
2025-12-17,-5.037000000000001,3864.8
2025-12-18,-5.067,3859.92
2025-12-19,-5.066000000000001,3823.85
2025-12-22,-5.048,3783.35
2025-12-23,-5.068,3760.55
2025-12-24,-5.07,3736.1
2025-12-26,-4.976000000000001,3697.0
2025-12-29,-4.993,3748.3
2025-12-30,-5.034999999999999,3777.62
