date,COP_USD
2010-01-04,2011.65
2010-01-05,1988.73
2010-01-06,1972.12
2010-01-07,1968.62
2010-01-08,1966.75
2010-01-11,1964.5
2010-01-12,1960.68
2010-01-13,1972.2
2010-01-14,1971.43
2010-01-15,1969.63
2010-01-18,1969.85
2010-01-19,1957.6
2010-01-20,1965.15
2010-01-21,1974.9
2010-01-22,1968.9
2010-01-25,1959.65
2010-01-26,1969.28
2010-01-27,1988.5
2010-01-28,1993.05
2010-01-29,1981.9
2010-02-01,1968.13
2010-02-02,1962.98
2010-02-03,1968.3
2010-02-04,1989.65
2010-02-05,2007.94
2010-02-08,2003.21
2010-02-09,1966.65
2010-02-10,1959.31
2010-02-11,1935.85
2010-02-12,1935.23
2010-02-15,1935.75
2010-02-16,1927.99
2010-02-17,1932.64
2010-02-18,1930.7
2010-02-19,1921.73
2010-02-22,1919.4
2010-02-23,1929.65
2010-02-24,1935.35
2010-02-25,1942.68
2010-02-26,1926.56
2010-03-01,1912.14
2010-03-02,1896.38
2010-03-03,1927.5
2010-03-04,1917.6
2010-03-05,1896.5
2010-03-08,1897.23
2010-03-09,1887.35
2010-03-10,1892.0
2010-03-11,1892.88
2010-03-12,1899.65
2010-03-15,1893.6
2010-03-16,1900.55
2010-03-17,1893.19
2010-03-18,1901.22
2010-03-19,1907.25
2010-03-22,1906.74
2010-03-23,1908.35
2010-03-24,1929.08
2010-03-25,1926.7
2010-03-26,1937.18
2010-03-29,1935.58
2010-03-30,1929.25
2010-03-31,1920.35
2010-04-01,1918.5
2010-04-02,1917.6
2010-04-05,1910.2
2010-04-06,1915.18
2010-04-07,1929.68
2010-04-08,1922.8
2010-04-09,1928.75
2010-04-12,1924.4
2010-04-13,1941.6
2010-04-14,1947.3
2010-04-15,1937.7
2010-04-16,1946.9
2010-04-19,1951.6
2010-04-20,1947.55
2010-04-21,1947.95
2010-04-22,1953.84
2010-04-23,1951.05
2010-04-26,1947.8
2010-04-27,1964.0
2010-04-28,1976.9
2010-04-29,1959.5
2010-04-30,1956.75
2010-05-03,1973.55
2010-05-04,1987.51
2010-05-05,1996.58
2010-05-06,2018.13
2010-05-07,2024.0
2010-05-10,1987.63
2010-05-11,1973.2
2010-05-12,1963.6
2010-05-13,1951.96
2010-05-14,1980.05
2010-05-17,1978.5
2010-05-18,1982.0
2010-05-19,1999.75
2010-05-20,2011.45
2010-05-21,1991.28
2010-05-24,1977.73
2010-05-25,1993.15
2010-05-26,1973.81
2010-05-27,1969.0
2010-05-28,1971.93
2010-05-31,1971.98
2010-06-01,1971.54
2010-06-02,1966.28
2010-06-03,1958.93
2010-06-04,1966.15
2010-06-07,1965.6
2010-06-08,1960.62
2010-06-09,1940.8
2010-06-10,1926.45
2010-06-11,1924.56
2010-06-14,1924.0
2010-06-15,1919.25
2010-06-16,1911.15
2010-06-17,1902.28
2010-06-18,1909.6
2010-06-21,1893.03
2010-06-22,1889.3
2010-06-23,1895.68
2010-06-24,1896.3
2010-06-25,1899.6
2010-06-28,1906.0
2010-06-29,1920.35
2010-06-30,1900.11
2010-07-01,1898.6
2010-07-02,1888.6
2010-07-05,1887.5
2010-07-06,1893.1
2010-07-07,1906.2
2010-07-08,1884.98
2010-07-09,1873.55
2010-07-12,1877.9
2010-07-13,1872.65
2010-07-14,1871.65
2010-07-15,1870.4
2010-07-16,1877.85
2010-07-19,1875.4
2010-07-20,1874.5
2010-07-21,1867.4
2010-07-22,1862.4
2010-07-23,1868.25
2010-07-26,1858.9
2010-07-27,1849.9
2010-07-28,1844.51
2010-07-29,1843.25
2010-07-30,1843.5
2010-08-02,1832.4
2010-08-03,1831.6
2010-08-04,1822.98
2010-08-05,1818.35
2010-08-06,1816.1
2010-08-09,1808.45
2010-08-10,1808.7
2010-08-11,1801.2
2010-08-12,1825.15
2010-08-13,1836.95
2010-08-16,1824.5
2010-08-17,1807.0
2010-08-18,1811.75
2010-08-19,1817.75
2010-08-20,1820.0
2010-08-23,1812.93
2010-08-24,1817.1
2010-08-25,1818.0
2010-08-26,1816.3
2010-08-27,1817.48
2010-08-30,1826.85
2010-08-31,1826.45
2010-09-01,1811.91
2010-09-02,1813.18
2010-09-03,1808.7
2010-09-06,1804.68
2010-09-07,1807.48
2010-09-08,1804.9
2010-09-09,1804.33
2010-09-10,1798.85
2010-09-13,1791.1
2010-09-14,1790.35
2010-09-15,1807.28
2010-09-16,1810.7
2010-09-17,1799.15
2010-09-20,1800.7
2010-09-21,1805.0
2010-09-22,1803.18
2010-09-23,1811.58
2010-09-24,1802.2
2010-09-27,1803.49
2010-09-28,1803.75
2010-09-29,1800.18
2010-09-30,1802.18
2010-10-01,1797.16
2010-10-04,1803.5
2010-10-05,1798.25
2010-10-06,1789.05
2010-10-07,1787.03
2010-10-08,1786.55
2010-10-11,1782.78
2010-10-12,1789.5
2010-10-13,1790.83
2010-10-14,1801.8
2010-10-15,1808.4
2010-10-18,1810.0
2010-10-19,1815.65
2010-10-20,1808.9
2010-10-21,1818.77
2010-10-22,1830.0
2010-10-25,1828.3
2010-10-26,1837.02
2010-10-27,1846.31
2010-10-28,1834.99
2010-10-29,1837.54
2010-11-01,1840.0
2010-11-02,1844.0
2010-11-03,1833.85
2010-11-04,1817.0
2010-11-05,1817.31
2010-11-08,1829.0
2010-11-09,1838.74
2010-11-10,1854.0
2010-11-11,1860.61
2010-11-12,1864.5
2010-11-15,1867.0
2010-11-16,1884.0
2010-11-17,1873.0
2010-11-18,1869.5
2010-11-19,1874.5
2010-11-22,1879.5
2010-11-23,1892.5
2010-11-24,1891.5
2010-11-25,1893.5
2010-11-26,1909.5
2010-11-29,1920.5
2010-11-30,1941.5
2010-12-01,1932.5
2010-12-02,1906.75
2010-12-03,1885.0
2010-12-06,1890.0
2010-12-07,1895.5
2010-12-08,1882.6
2010-12-09,1908.5
2010-12-10,1882.5
2010-12-13,1904.5
2010-12-14,1897.5
2010-12-15,1907.0
2010-12-16,1915.0
2010-12-17,1917.5
2010-12-20,1929.95
2010-12-21,1934.57
2010-12-22,1921.38
2010-12-23,1934.5
2010-12-24,1939.2
2010-12-27,1993.0
2010-12-28,2036.0
2010-12-29,1948.5
2010-12-30,1922.14
2010-12-31,1907.7
2011-01-03,1891.67
2011-01-04,1893.63
2011-01-05,1877.77
2011-01-06,1863.61
2011-01-07,1869.3
2011-01-10,1870.5
2011-01-11,1859.5
2011-01-12,1866.0
2011-01-13,1864.5
2011-01-14,1871.0
2011-01-17,1867.46
2011-01-18,1854.5
2011-01-19,1839.56
2011-01-20,1846.5
2011-01-21,1843.06
2011-01-24,1853.0
2011-01-25,1857.5
2011-01-26,1862.5
2011-01-27,1858.29
2011-01-28,1867.5
2011-01-31,1867.0
2011-02-01,1851.5
2011-02-02,1858.5
2011-02-03,1864.5
2011-02-04,1867.86
2011-02-07,1868.0
2011-02-08,1889.5
2011-02-09,1887.5
2011-02-10,1882.0
2011-02-11,1883.0
2011-02-14,1894.18
2011-02-15,1904.5
2011-02-16,1909.5
2011-02-17,1888.5
2011-02-18,1875.5
2011-02-21,1885.5
2011-02-22,1892.5
2011-02-23,1902.0
2011-02-24,1899.5
2011-02-25,1907.5
2011-02-28,1907.5
2011-03-01,1914.5
2011-03-02,1913.5
2011-03-03,1898.5
2011-03-04,1894.5
2011-03-07,1895.5
2011-03-08,1888.5
2011-03-09,1879.5
2011-03-10,1868.5
2011-03-11,1872.5
2011-03-14,1879.0
2011-03-15,1890.0
2011-03-16,1892.5
2011-03-17,1879.5
2011-03-18,1876.0
2011-03-21,1872.35
2011-03-22,1866.45
2011-03-23,1868.5
2011-03-24,1865.5
2011-03-25,1871.5
2011-03-28,1878.5
2011-03-29,1887.5
2011-03-30,1876.0
2011-03-31,1870.5
2011-04-01,1853.0
2011-04-04,1849.0
2011-04-05,1835.5
2011-04-06,1826.13
2011-04-07,1825.0
2011-04-08,1817.5
2011-04-11,1817.5
2011-04-12,1816.63
2011-04-13,1815.37
2011-04-14,1803.76
2011-04-15,1797.2
2011-04-18,1797.85
2011-04-19,1785.22
2011-04-20,1779.18
2011-04-21,1782.0
2011-04-22,1782.5
2011-04-25,1781.0
2011-04-26,1788.5
2011-04-27,1777.5
2011-04-28,1763.5
2011-05-02,1771.0
2011-05-03,1767.0
2011-05-04,1766.0
2011-05-05,1767.0
2011-05-06,1769.5
2011-05-09,1788.28
2011-05-11,1800.43
2011-05-12,1796.78
2011-05-13,1804.33
2011-05-16,1822.5
2011-05-17,1825.43
2011-05-18,1820.0
2011-05-19,1817.5
2011-05-20,1820.5
2011-05-23,1827.0
2011-05-24,1830.5
2011-05-25,1832.0
2011-05-26,1827.5
2011-05-27,1819.9
2011-05-30,1808.5
2011-05-31,1788.5
2011-06-01,1790.45
2011-06-02,1785.0
2011-06-03,1782.5
2011-06-06,1783.0
2011-06-07,1767.5
2011-06-08,1767.5
2011-06-09,1771.5
2011-06-10,1777.5
2011-06-13,1783.5
2011-06-14,1773.0
2011-06-15,1778.43
2011-06-16,1795.43
2011-06-17,1795.0
2011-06-20,1787.5
2011-06-21,1779.5
2011-06-22,1780.5
2011-06-23,1785.5
2011-06-24,1792.5
2011-06-27,1793.5
2011-06-28,1786.5
2011-06-29,1780.5
2011-06-30,1772.5
2011-07-01,1769.5
2011-07-04,1761.0
2011-07-05,1767.5
2011-07-06,1766.5
2011-07-07,1760.5
2011-07-08,1759.5
2011-07-11,1768.5
2011-07-12,1769.5
2011-07-13,1758.5
2011-07-14,1748.5
2011-07-15,1759.0
2011-07-18,1754.71
2011-07-19,1757.5
2011-07-20,1759.42
2011-07-21,1751.5
2011-07-22,1752.56
2011-07-25,1767.5
2011-07-26,1760.5
2011-07-27,1768.0
2011-07-28,1769.5
2011-07-29,1775.75
2011-08-01,1767.5
2011-08-02,1767.28
2011-08-03,1771.5
2011-08-04,1783.74
2011-08-05,1787.21
2011-08-08,1812.33
2011-08-09,1809.0
2011-08-10,1799.5
2011-08-11,1789.5
2011-08-12,1781.94
2011-08-15,1782.0
2011-08-16,1772.45
2011-08-17,1762.79
2011-08-18,1773.59
2011-08-19,1780.01
2011-08-22,1777.15
2011-08-23,1785.94
2011-08-24,1784.78
2011-08-25,1787.25
2011-08-26,1790.82
2011-08-29,1787.5
2011-08-30,1787.5
2011-08-31,1778.02
2011-09-01,1776.02
2011-09-02,1783.5
2011-09-05,1788.5
2011-09-06,1788.44
2011-09-07,1786.76
2011-09-08,1786.21
2011-09-09,1798.9
2011-09-12,1818.06
2011-09-13,1810.3
2011-09-14,1823.43
2011-09-15,1816.82
2011-09-16,1819.48
2011-09-19,1855.77
2011-09-20,1857.22
2011-09-21,1860.5
2011-09-22,1895.65
2011-09-23,1905.0
2011-09-26,1903.87
2011-09-27,1885.76
2011-09-28,1919.0
2011-09-29,1915.3
2011-09-30,1929.52
2011-10-03,1945.75
2011-10-04,1982.23
2011-10-05,1959.66
2011-10-06,1944.84
2011-10-07,1931.72
2011-10-11,1913.53
2011-10-12,1891.63
2011-10-13,1900.05
2011-10-14,1885.25
2011-10-18,1904.5
2011-10-19,1897.55
2011-10-20,1904.97
2011-10-21,1889.83
2011-10-24,1868.93
2011-10-25,1875.84
2011-10-26,1876.58
2011-10-27,1861.0
2011-10-28,1860.49
2011-10-31,1865.07
2011-11-01,1888.66
2011-11-02,1905.6
2011-11-03,1905.14
2011-11-04,1905.65
2011-11-08,1908.82
2011-11-09,1911.6
2011-11-10,1910.61
2011-11-11,1911.0
2011-11-15,1911.85
2011-11-16,1903.28
2011-11-17,1919.0
2011-11-18,1913.66
2011-11-21,1925.32
2011-11-22,1915.3
2011-11-23,1934.09
2011-11-24,1932.47
2011-11-25,1955.08
2011-11-28,1947.36
2011-11-29,1959.15
2011-11-30,1952.5
2011-12-01,1943.47
2011-12-02,1938.57
2011-12-05,1936.0
2011-12-06,1930.94
2011-12-07,1930.59
2011-12-09,1925.13
2011-12-12,1932.5
2011-12-13,1929.5
2011-12-14,1934.88
2011-12-15,1933.22
2011-12-16,1938.7
2011-12-19,1936.5
2011-12-20,1930.74
2011-12-21,1929.29
2011-12-22,1920.25
2011-12-23,1919.08
2011-12-26,1923.0
2011-12-27,1918.82
2011-12-28,1938.82
2011-12-29,1938.14
2011-12-30,1935.35
2012-01-02,1930.0
2012-01-03,1904.23
2012-01-04,1882.53
2012-01-05,1879.06
2012-01-06,1881.5
2012-01-10,1858.87
2012-01-11,1849.5
2012-01-12,1835.14
2012-01-13,1838.16
2012-01-16,1846.0
2012-01-17,1835.5
2012-01-18,1837.5
2012-01-20,1825.5
2012-01-23,1812.6
2012-01-24,1813.69
2012-01-25,1808.73
2012-01-26,1808.95
2012-01-27,1808.5
2012-01-30,1814.5
2012-01-31,1807.81
2012-02-01,1797.38
2012-02-02,1790.13
2012-02-03,1781.53
2012-02-06,1785.85
2012-02-07,1782.5
2012-02-08,1776.84
2012-02-09,1772.55
2012-02-10,1780.0
2012-02-13,1778.5
2012-02-14,1785.0
2012-02-15,1791.5
2012-02-16,1780.92
2012-02-17,1774.68
2012-02-20,1773.5
2012-02-21,1778.5
2012-02-22,1782.0
2012-02-23,1775.32
2012-02-24,1773.96
2012-02-27,1770.55
2012-02-28,1766.25
2012-02-29,1765.5
2012-03-01,1766.5
2012-03-02,1773.0
2012-03-05,1770.75
2012-03-06,1778.12
2012-03-07,1780.0
2012-03-08,1761.98
2012-03-09,1762.0
2012-03-12,1760.68
2012-03-13,1755.41
2012-03-14,1761.89
2012-03-15,1758.11
2012-03-16,1757.43
2012-03-20,1754.73
2012-03-21,1758.5
2012-03-22,1758.14
2012-03-23,1759.5
2012-03-26,1760.5
2012-03-27,1763.5
2012-03-28,1773.12
2012-03-29,1790.5
2012-03-30,1787.21
2012-04-02,1771.83
2012-04-03,1766.83
2012-04-04,1775.78
2012-04-09,1780.49
2012-04-10,1792.62
2012-04-11,1787.5
2012-04-12,1788.5
2012-04-13,1775.5
2012-04-16,1776.5
2012-04-17,1766.12
2012-04-18,1769.5
2012-04-19,1774.5
2012-04-20,1770.5
2012-04-23,1768.16
2012-04-24,1768.5
2012-04-25,1762.5
2012-04-26,1762.5
2012-04-27,1762.5
2012-04-30,1765.28
2012-05-02,1759.5
2012-05-03,1755.5
2012-05-04,1756.5
2012-05-07,1752.08
2012-05-08,1754.5
2012-05-09,1766.2
2012-05-10,1764.5
2012-05-11,1760.62
2012-05-14,1771.5
2012-05-15,1786.5
2012-05-16,1794.0
2012-05-17,1807.5
2012-05-18,1805.5
2012-05-22,1823.0
2012-05-23,1841.02
2012-05-24,1840.14
2012-05-25,1827.68
2012-05-28,1827.5
2012-05-29,1813.04
2012-05-30,1823.98
2012-05-31,1824.94
2012-06-01,1827.49
2012-06-04,1816.5
2012-06-05,1816.5
2012-06-06,1792.0
2012-06-07,1771.5
2012-06-08,1775.01
2012-06-12,1775.96
2012-06-13,1782.4
2012-06-14,1788.46
2012-06-15,1781.19
2012-06-19,1767.58
2012-06-20,1770.5
2012-06-21,1777.5
2012-06-22,1787.63
2012-06-25,1800.33
2012-06-26,1803.0
2012-06-27,1796.25
2012-06-28,1805.52
2012-06-29,1780.83
2012-07-03,1767.39
2012-07-04,1767.14
2012-07-05,1772.91
2012-07-06,1781.41
2012-07-09,1788.5
2012-07-10,1786.5
2012-07-11,1786.0
2012-07-12,1786.5
2012-07-13,1773.14
2012-07-16,1776.21
2012-07-17,1778.0
2012-07-18,1774.97
2012-07-19,1778.16
2012-07-23,1786.7
2012-07-24,1800.07
2012-07-25,1795.98
2012-07-26,1788.07
2012-07-27,1791.5
2012-07-30,1791.5
2012-07-31,1789.99
2012-08-01,1784.87
2012-08-02,1787.84
2012-08-03,1785.5
2012-08-06,1786.01
2012-08-08,1785.18
2012-08-09,1788.0
2012-08-10,1787.79
2012-08-13,1793.5
2012-08-14,1793.5
2012-08-15,1819.5
2012-08-16,1816.28
2012-08-17,1816.16
2012-08-21,1811.43
2012-08-22,1809.07
2012-08-23,1812.5
2012-08-24,1814.5
2012-08-27,1822.5
2012-08-28,1824.99
2012-08-29,1828.5
2012-08-30,1829.5
2012-08-31,1822.07
2012-09-03,1820.48
2012-09-04,1822.34
2012-09-05,1806.79
2012-09-06,1800.5
2012-09-07,1797.85
2012-09-10,1796.0
2012-09-11,1797.5
2012-09-12,1802.5
2012-09-13,1790.37
2012-09-14,1793.5
2012-09-17,1801.5
2012-09-18,1795.5
2012-09-19,1798.5
2012-09-20,1793.5
2012-09-21,1797.5
2012-09-24,1800.5
2012-09-25,1796.5
2012-09-26,1795.12
2012-09-27,1795.29
2012-09-28,1800.5
2012-10-01,1800.5
2012-10-02,1798.5
2012-10-03,1802.5
2012-10-04,1792.28
2012-10-05,1795.5
2012-10-08,1793.02
2012-10-09,1798.5
2012-10-10,1799.5
2012-10-11,1798.5
2012-10-12,1797.5
2012-10-16,1799.5
2012-10-17,1799.5
2012-10-18,1796.5
2012-10-19,1798.5
2012-10-22,1802.5
2012-10-23,1816.0
2012-10-24,1816.5
2012-10-25,1817.5
2012-10-26,1826.5
2012-10-29,1828.5
2012-10-30,1827.76
2012-10-31,1831.0
2012-11-01,1831.5
2012-11-02,1831.5
2012-11-06,1831.5
2012-11-07,1811.31
2012-11-08,1810.5
2012-11-09,1815.5
2012-11-13,1814.44
2012-11-14,1820.5
2012-11-15,1814.5
2012-11-16,1822.5
2012-11-19,1818.5
2012-11-20,1816.5
2012-11-21,1815.5
2012-11-22,1817.5
2012-11-23,1814.5
2012-11-26,1824.5
2012-11-27,1824.5
2012-11-28,1823.5
2012-11-29,1811.09
2012-11-30,1812.78
2012-12-03,1808.37
2012-12-04,1813.5
2012-12-05,1811.5
2012-12-06,1797.87
2012-12-07,1793.27
2012-12-10,1799.5
2012-12-11,1796.59
2012-12-12,1795.5
2012-12-13,1793.82
2012-12-14,1794.62
2012-12-17,1794.62
2012-12-18,1791.32
2012-12-19,1791.5
2012-12-20,1787.5
2012-12-21,1787.5
2012-12-24,1772.5
2012-12-26,1773.5
2012-12-27,1772.5
2012-12-28,1762.5
2013-01-02,1758.5
2013-01-03,1762.5
2013-01-04,1768.0
2013-01-08,1771.5
2013-01-09,1767.5
2013-01-10,1763.5
2013-01-11,1760.88
2013-01-14,1756.29
2013-01-15,1766.7
2013-01-16,1770.91
2013-01-17,1763.74
2013-01-18,1769.5
2013-01-21,1766.33
2013-01-22,1774.42
2013-01-23,1779.23
2013-01-24,1778.06
2013-01-25,1779.5
2013-01-28,1776.74
2013-01-29,1771.16
2013-01-30,1777.5
2013-01-31,1775.01
2013-02-01,1777.5
2013-02-04,1784.66
2013-02-05,1786.32
2013-02-06,1794.5
2013-02-07,1789.85
2013-02-08,1786.5
2013-02-11,1784.5
2013-02-12,1779.5
2013-02-13,1779.72
2013-02-14,1783.5
2013-02-15,1786.5
2013-02-18,1790.5
2013-02-19,1791.5
2013-02-20,1791.5
2013-02-21,1798.5
2013-02-22,1796.47
2013-02-25,1809.76
2013-02-26,1816.39
2013-02-27,1814.5
2013-02-28,1813.5
2013-03-01,1813.5
2013-03-04,1814.5
2013-03-05,1809.5
2013-03-06,1807.5
2013-03-07,1803.5
2013-03-08,1801.5
2013-03-11,1801.5
2013-03-12,1796.51
2013-03-13,1798.5
2013-03-14,1797.5
2013-03-15,1798.5
2013-03-18,1805.35
2013-03-19,1811.5
2013-03-20,1818.5
2013-03-21,1819.5
2013-03-26,1828.57
2013-04-01,1822.5
2013-04-02,1809.8
2013-04-03,1821.5
2013-04-04,1827.5
2013-04-05,1820.5
2013-04-08,1817.5
2013-04-09,1813.5
2013-04-10,1819.5
2013-04-11,1824.5
2013-04-12,1825.5
2013-04-15,1824.5
2013-04-16,1833.5
2013-04-17,1849.83
2013-04-18,1841.5
2013-04-19,1835.5
2013-04-22,1839.0
2013-04-23,1839.5
2013-04-24,1834.5
2013-04-25,1831.35
2013-04-26,1831.97
2013-04-29,1826.8
2013-04-30,1823.93
2013-05-02,1825.5
2013-05-03,1833.5
2013-05-06,1829.5
2013-05-07,1827.5
2013-05-08,1830.5
2013-05-09,1830.5
2013-05-10,1834.5
2013-05-14,1839.5
2013-05-15,1844.5
2013-05-16,1839.5
2013-05-17,1841.5
2013-05-20,1842.5
2013-05-21,1846.5
2013-05-22,1847.5
2013-05-23,1864.5
2013-05-24,1876.5
2013-05-27,1887.0
2013-05-28,1888.5
2013-05-29,1892.5
2013-05-30,1891.5
2013-05-31,1906.5
2013-06-04,1898.0
2013-06-05,1902.5
2013-06-06,1904.5
2013-06-07,1904.5
2013-06-11,1904.5
2013-06-12,1904.5
2013-06-13,1890.64
2013-06-14,1880.42
2013-06-17,1887.5
2013-06-18,1887.5
2013-06-19,1896.96
2013-06-20,1896.5
2013-06-21,1937.5
2013-06-24,1941.5
2013-06-25,1924.5
2013-06-26,1931.5
2013-06-27,1922.5
2013-06-28,1925.5
2013-07-02,1916.5
2013-07-03,1911.36
2013-07-04,1911.75
2013-07-05,1915.5
2013-07-08,1922.55
2013-07-09,1920.5
2013-07-10,1918.42
2013-07-11,1907.6
2013-07-12,1909.72
2013-07-15,1886.98
2013-07-16,1875.89
2013-07-17,1866.61
2013-07-18,1880.91
2013-07-19,1883.17
2013-07-22,1879.37
2013-07-23,1880.49
2013-07-24,1886.49
2013-07-25,1886.73
2013-07-26,1884.07
2013-07-29,1885.69
2013-07-30,1885.67
2013-07-31,1892.96
2013-08-01,1897.41
2013-08-02,1886.73
2013-08-05,1879.98
2013-08-06,1878.13
2013-08-08,1873.24
2013-08-09,1872.5
2013-08-12,1873.5
2013-08-13,1880.27
2013-08-14,1889.5
2013-08-15,1902.5
2013-08-16,1901.5
2013-08-20,1921.95
2013-08-21,1926.5
2013-08-22,1918.5
2013-08-23,1915.5
2013-08-26,1916.5
2013-08-27,1938.5
2013-08-28,1939.5
2013-08-29,1941.5
2013-08-30,1941.5
2013-09-02,1935.5
2013-09-03,1946.5
2013-09-04,1940.5
2013-09-05,1936.57
2013-09-06,1940.28
2013-09-09,1943.5
2013-09-10,1936.5
2013-09-11,1936.5
2013-09-12,1919.5
2013-09-13,1923.5
2013-09-16,1922.5
2013-09-17,1914.5
2013-09-18,1916.5
2013-09-19,1883.5
2013-09-20,1896.5
2013-09-23,1891.5
2013-09-24,1890.5
2013-09-25,1893.5
2013-09-26,1895.86
2013-09-27,1913.5
2013-09-30,1906.5
2013-10-01,1891.5
2013-10-02,1884.95
2013-10-03,1888.5
2013-10-04,1886.5
2013-10-07,1887.5
2013-10-08,1889.5
2013-10-09,1891.5
2013-10-10,1886.5
2013-10-11,1880.5
2013-10-15,1882.5
2013-10-16,1884.5
2013-10-17,1878.5
2013-10-18,1881.5
2013-10-21,1885.5
2013-10-22,1884.5
2013-10-23,1882.5
2013-10-24,1881.5
2013-10-25,1880.57
2013-10-28,1879.8
2013-10-29,1881.34
2013-10-30,1883.5
2013-10-31,1886.18
2013-11-01,1890.5
2013-11-05,1911.11
2013-11-06,1911.76
2013-11-07,1918.5
2013-11-08,1921.5
2013-11-12,1934.5
2013-11-13,1930.45
2013-11-14,1928.76
2013-11-15,1918.11
2013-11-18,1917.5
2013-11-19,1919.5
2013-11-20,1928.2
2013-11-21,1916.7
2013-11-22,1918.38
2013-11-25,1925.5
2013-11-26,1926.5
2013-11-27,1927.5
2013-11-28,1924.68
2013-11-29,1931.7
2013-12-02,1931.63
2013-12-03,1939.04
2013-12-04,1949.5
2013-12-05,1949.5
2013-12-06,1932.6
2013-12-09,1933.5
2013-12-10,1932.42
2013-12-11,1932.5
2013-12-12,1933.5
2013-12-13,1931.5
2013-12-16,1935.53
2013-12-17,1941.5
2013-12-18,1943.5
2013-12-19,1939.5
2013-12-20,1931.5
2013-12-23,1934.83
2013-12-24,1943.36
2013-12-26,1918.5
2013-12-27,1944.69
2013-12-30,1943.73
2014-01-02,1942.0
2014-01-03,1937.5
2014-01-07,1937.5
2014-01-08,1934.5
2014-01-09,1932.5
2014-01-10,1924.5
2014-01-13,1926.5
2014-01-14,1935.5
2014-01-15,1941.5
2014-01-16,1949.5
2014-01-17,1949.5
2014-01-20,1971.5
2014-01-21,1971.5
2014-01-22,1988.5
2014-01-23,1988.5
2014-01-24,1997.5
2014-01-27,1996.35
2014-01-28,1995.48
2014-01-29,2011.5
2014-01-30,2011.5
2014-01-31,2015.31
2014-02-03,2015.5
2014-02-04,2040.5
2014-02-05,2047.5
2014-02-06,2044.5
2014-02-07,2047.5
2014-02-10,2048.5
2014-02-11,2040.95
2014-02-12,2030.5
2014-02-13,2029.5
2014-02-14,2025.5
2014-02-17,2017.5
2014-02-18,2015.5
2014-02-19,2028.5
2014-02-20,2043.5
2014-02-21,2044.5
2014-02-24,2042.5
2014-02-25,2040.27
2014-02-26,2053.67
2014-02-27,2052.5
2014-02-28,2044.96
2014-03-03,2053.5
2014-03-04,2048.5
2014-03-05,2042.5
2014-03-06,2040.5
2014-03-07,2037.5
2014-03-10,2042.5
2014-03-11,2045.5
2014-03-12,2045.5
2014-03-13,2047.5
2014-03-14,2041.5
2014-03-17,2033.5
2014-03-18,2031.5
2014-03-19,2030.5
2014-03-21,1994.5
2014-03-25,1994.5
2014-03-26,1972.5
2014-03-27,1965.5
2014-03-28,1962.43
2014-03-31,1970.21
2014-04-01,1971.5
2014-04-02,1963.5
2014-04-03,1966.5
2014-04-04,1967.5
2014-04-07,1932.22
2014-04-08,1932.39
2014-04-09,1927.5
2014-04-10,1927.5
2014-04-11,1927.5
2014-04-14,1925.5
2014-04-15,1934.5
2014-04-16,1926.58
2014-04-21,1928.5
2014-04-22,1918.5
2014-04-23,1932.5
2014-04-24,1937.5
2014-04-25,1942.5
2014-04-28,1935.08
2014-04-29,1933.5
2014-04-30,1936.5
2014-05-02,1936.5
2014-05-06,1918.0
2014-05-07,1910.5
2014-05-08,1910.5
2014-05-09,1903.5
2014-05-12,1915.5
2014-05-13,1923.5
2014-05-14,1921.5
2014-05-15,1924.52
2014-05-16,1922.63
2014-05-19,1919.5
2014-05-20,1919.5
2014-05-21,1907.05
2014-05-22,1905.5
2014-05-23,1909.5
2014-05-26,1909.5
2014-05-27,1915.5
2014-05-28,1907.5
2014-05-29,1902.87
2014-05-30,1906.5
2014-06-03,1899.5
2014-06-04,1898.5
2014-06-05,1891.5
2014-06-06,1884.5
2014-06-09,1884.5
2014-06-10,1882.5
2014-06-11,1882.5
2014-06-12,1874.5
2014-06-13,1880.5
2014-06-16,1886.44
2014-06-17,1889.5
2014-06-19,1882.5
2014-06-20,1883.5
2014-06-24,1884.5
2014-06-25,1890.5
2014-06-26,1884.5
2014-06-27,1879.5
2014-07-01,1880.5
2014-07-03,1843.5
2014-07-04,1846.5
2014-07-07,1853.5
2014-07-08,1854.5
2014-07-09,1856.09
2014-07-10,1853.76
2014-07-11,1858.5
2014-07-14,1856.5
2014-07-15,1868.5
2014-07-16,1867.5
2014-07-17,1874.5
2014-07-18,1868.5
2014-07-21,1868.5
2014-07-22,1856.5
2014-07-23,1846.5
2014-07-24,1846.5
2014-07-25,1849.5
2014-07-28,1850.0
2014-07-29,1855.4
2014-07-30,1859.5
2014-07-31,1876.5
2014-08-01,1876.5
2014-08-04,1884.0
2014-08-05,1892.5
2014-08-06,1885.5
2014-08-08,1891.5
2014-08-12,1877.5
2014-08-13,1882.5
2014-08-14,1881.5
2014-08-15,1884.5
2014-08-19,1900.8
2014-08-20,1916.5
2014-08-21,1918.5
2014-08-22,1923.5
2014-08-25,1935.5
2014-08-26,1931.0
2014-08-27,1927.89
2014-08-28,1923.91
2014-08-29,1920.5
2014-09-01,1918.06
2014-09-02,1931.5
2014-09-03,1922.6
2014-09-04,1932.42
2014-09-05,1932.41
2014-09-08,1944.15
2014-09-09,1967.5
2014-09-10,1974.5
2014-09-11,1979.38
2014-09-12,1996.16
2014-09-15,1992.5
2014-09-16,1971.36
2014-09-17,1972.13
2014-09-18,1968.38
2014-09-19,1969.41
2014-09-22,1992.77
2014-09-23,1996.06
2014-09-24,2007.63
2014-09-25,2015.8
2014-09-26,2016.89
2014-09-29,2026.08
2014-09-30,2024.83
2014-10-01,2026.8
2014-10-02,2012.79
2014-10-03,2027.42
2014-10-06,2028.9
2014-10-07,2027.82
2014-10-08,2047.43
2014-10-09,2044.75
2014-10-10,2049.59
2014-10-13,2046.5
2014-10-14,2048.23
2014-10-15,2068.12
2014-10-16,2068.75
2014-10-17,2063.8
2014-10-20,2063.5
2014-10-21,2043.8
2014-10-22,2052.92
2014-10-23,2055.85
2014-10-24,2066.0
2014-10-27,2068.02
2014-10-28,2055.51
2014-10-29,2045.33
2014-10-30,2050.15
2014-10-31,2057.75
2014-11-03,2063.8
2014-11-04,2076.1
2014-11-05,2074.96
2014-11-06,2099.1
2014-11-07,2099.03
2014-11-10,2107.89
2014-11-11,2106.0
2014-11-12,2122.54
2014-11-13,2146.73
2014-11-14,2157.81
2014-11-17,2159.38
2014-11-18,2149.93
2014-11-19,2159.59
2014-11-20,2156.42
2014-11-21,2146.25
2014-11-24,2160.0
2014-11-25,2156.3
2014-11-26,2162.95
2014-11-27,2162.5
2014-12-02,2296.59
2014-12-03,2286.8
2014-12-04,2279.0
2014-12-05,2318.0
2014-12-09,2317.5
2014-12-10,2397.0
2014-12-11,2407.81
2014-12-12,2405.62
2014-12-15,2428.42
2014-12-16,2428.0
2014-12-17,2398.98
2014-12-18,2305.58
2014-12-19,2294.78
2014-12-22,2327.49
2014-12-23,2343.8
2014-12-24,2359.06
2014-12-26,2366.9
2014-12-29,2377.08
2014-12-30,2376.2
2015-01-02,2374.0
2015-01-05,2429.6
2015-01-06,2450.17
2015-01-07,2427.93
2015-01-08,2396.5
2015-01-09,2416.98
2015-01-12,2417.0
2015-01-13,2441.92
2015-01-14,2426.27
2015-01-15,2411.6
2015-01-16,2366.39
2015-01-19,2370.0
2015-01-20,2376.0
2015-01-21,2376.03
2015-01-22,2371.25
2015-01-23,2389.49
2015-01-26,2389.74
2015-01-27,2370.38
2015-01-28,2363.49
2015-01-29,2412.0
2015-01-30,2440.11
2015-02-02,2407.51
2015-02-03,2358.0
2015-02-04,2391.57
2015-02-05,2377.4
2015-02-06,2380.05
2015-02-09,2366.01
2015-02-12,2389.1
2015-02-16,2390.5
2015-02-17,2416.29
2015-02-18,2430.14
2015-02-19,2445.54
2015-02-20,2457.24
2015-02-23,2499.86
2015-02-24,2485.99
2015-02-25,2484.06
2015-02-26,2490.8
2015-02-27,2499.8
2015-03-02,2535.47
2015-03-03,2553.87
2015-03-04,2541.46
2015-03-05,2546.8
2015-03-06,2584.53
2015-03-09,2607.99
2015-03-10,2628.29
2015-03-11,2624.82
2015-03-12,2628.31
2015-03-13,2669.82
2015-03-16,2687.15
2015-03-17,2658.9
2015-03-18,2628.93
2015-03-19,2629.7
2015-03-20,2572.81
2015-03-23,2561.5
2015-03-24,2511.75
2015-03-25,2541.5
2015-03-26,2562.5
2015-03-27,2558.25
2015-03-30,2575.9
2015-03-31,2599.9
2015-04-01,2581.0
2015-04-06,2534.0
2015-04-07,2509.5
2015-04-08,2490.1
2015-04-09,2498.0
2015-04-10,2509.0
2015-04-13,2558.5
2015-04-14,2556.21
2015-04-15,2508.15
2015-04-16,2482.18
2015-04-17,2499.73
2015-04-20,2485.1
2015-04-21,2470.6
2015-04-22,2490.09
2015-04-23,2468.27
2015-04-24,2453.75
2015-04-27,2412.41
2015-04-28,2398.6
2015-04-29,2379.0
2015-04-30,2382.6
2015-05-01,2391.5
2015-05-04,2405.9
2015-05-05,2389.22
2015-05-06,2360.74
2015-05-07,2371.02
2015-05-08,2355.02
2015-05-11,2386.93
2015-05-12,2381.82
2015-05-13,2388.4
2015-05-14,2389.47
2015-05-15,2414.75
2015-05-18,2433.0
2015-05-19,2486.95
2015-05-20,2496.8
2015-05-21,2481.91
2015-05-22,2491.66
2015-05-25,2489.5
2015-05-26,2545.35
2015-05-27,2534.85
2015-05-28,2536.83
2015-05-29,2531.42
2015-06-01,2561.52
2015-06-02,2558.41
2015-06-03,2578.15
2015-06-04,2591.47
2015-06-05,2623.06
2015-06-08,2607.5
2015-06-09,2556.6
2015-06-10,2526.66
2015-06-11,2531.55
2015-06-12,2526.48
2015-06-15,2536.5
2015-06-16,2538.5
2015-06-17,2550.0
2015-06-18,2542.28
2015-06-19,2553.4
2015-06-22,2535.79
2015-06-23,2548.81
2015-06-24,2564.64
2015-06-25,2560.65
2015-06-26,2583.65
2015-06-30,2606.59
2015-07-01,2639.65
2015-07-02,2632.38
2015-07-03,2636.9
2015-07-06,2669.45
2015-07-07,2691.25
2015-07-08,2683.6
2015-07-09,2675.15
2015-07-10,2673.27
2015-07-13,2685.75
2015-07-14,2686.35
2015-07-15,2715.95
2015-07-16,2737.75
2015-07-17,2761.4
2015-07-21,2769.89
2015-07-22,2790.47
2015-07-23,2832.9
2015-07-24,2852.88
2015-07-27,2861.48
2015-07-28,2860.02
2015-07-29,2849.5
2015-07-30,2877.68
2015-07-31,2880.45
2015-08-03,2917.73
2015-08-04,2923.25
2015-08-05,2950.75
2015-08-06,2938.68
2015-08-07,2937.5
2015-08-10,2908.69
2015-08-11,2942.82
2015-08-12,2939.5
2015-08-13,2983.05
2015-08-14,2993.0
2015-08-17,2998.0
2015-08-18,3003.57
2015-08-19,3023.05
2015-08-20,3062.34
2015-08-21,3107.95
2015-08-24,3237.38
2015-08-25,3208.45
2015-08-26,3261.7
2015-08-27,3163.05
2015-08-28,3075.74
2015-08-31,3052.5
2015-09-01,3112.25
2015-09-02,3173.2
2015-09-03,3108.73
2015-09-04,3126.07
2015-09-07,3160.13
2015-09-08,3114.12
2015-09-09,3113.02
2015-09-10,3051.0
2015-09-11,3043.0
2015-09-14,3027.85
2015-09-15,3023.45
2015-09-16,2966.29
2015-09-17,2980.0
2015-09-18,2985.0
2015-09-21,3009.52
2015-09-22,3072.32
2015-09-23,3117.05
2015-09-24,3107.0
2015-09-25,3073.98
2015-09-28,3121.08
2015-09-29,3111.04
2015-09-30,3087.42
2015-10-01,3062.52
2015-10-02,3018.8
2015-10-05,2961.98
2015-10-06,2913.71
2015-10-07,2899.82
2015-10-08,2871.25
2015-10-09,2869.5
2015-10-12,2869.1
2015-10-13,2910.82
2015-10-14,2926.0
2015-10-15,2894.0
2015-10-16,2883.6
2015-10-19,2919.25
2015-10-20,2936.43
2015-10-21,2960.95
2015-10-22,2904.11
2015-10-23,2916.4
2015-10-26,2928.0
2015-10-27,2948.95
2015-10-28,2919.2
2015-10-29,2915.65
2015-10-30,2896.7
2015-11-03,2798.08
2015-11-04,2837.0
2015-11-05,2858.93
2015-11-06,2891.4
2015-11-09,2925.95
2015-11-10,2942.1
2015-11-11,2942.0
2015-11-12,3036.94
2015-11-13,3075.25
2015-11-16,3076.16
2015-11-17,3078.5
2015-11-18,3103.6
2015-11-19,3073.99
2015-11-20,3063.0
2015-11-23,3094.57
2015-11-24,3068.77
2015-11-25,3086.25
2015-11-26,3095.5
2015-11-27,3106.43
2015-11-30,3146.25
2015-12-01,3124.02
2015-12-02,3162.7
2015-12-03,3142.52
2015-12-04,3201.88
2015-12-07,3306.28
2015-12-09,3284.55
2015-12-10,3247.77
2015-12-11,3332.5
2015-12-14,3351.05
2015-12-15,3315.3
2015-12-16,3335.55
2015-12-17,3347.39
2015-12-18,3329.45
2015-12-21,3328.35
2015-12-22,3313.84
2015-12-23,3213.7
2015-12-24,3189.8
2015-12-28,3174.25
2015-12-29,3169.5
2015-12-30,3175.52
2015-12-31,3174.5
2016-01-04,3219.02
2016-01-05,3211.75
2016-01-06,3256.75
2016-01-07,3272.18
2016-01-08,3266.02
2016-01-11,3265.01
2016-01-12,3275.29
2016-01-13,3254.94
2016-01-14,3231.2
2016-01-15,3302.34
2016-01-18,3301.15
2016-01-19,3310.0
2016-01-20,3395.85
2016-01-21,3318.93
2016-01-22,3307.5
2016-01-25,3398.5
2016-01-26,3365.7
2016-01-27,3355.68
2016-01-28,3281.75
2016-01-29,3284.55
2016-02-01,3327.5
2016-02-02,3393.5
2016-02-03,3375.14
2016-02-04,3319.7
2016-02-05,3333.49
2016-02-08,3369.43
2016-02-09,3393.52
2016-02-10,3391.75
2016-02-11,3440.0
2016-02-12,3382.75
2016-02-15,3383.0
2016-02-16,3414.98
2016-02-17,3360.39
2016-02-18,3343.42
2016-02-19,3356.5
2016-02-22,3310.8
2016-02-23,3328.0
2016-02-24,3340.35
2016-02-25,3313.67
2016-02-26,3341.38
2016-02-29,3292.9
2016-03-01,3228.96
2016-03-02,3205.35
2016-03-03,3194.04
2016-03-04,3156.3
2016-03-07,3114.5
2016-03-08,3207.25
2016-03-09,3186.2
2016-03-10,3224.5
2016-03-11,3151.07
2016-03-14,3153.37
2016-03-15,3163.85
2016-03-16,3160.7
2016-03-17,3073.74
2016-03-18,3071.8
2016-03-22,3030.5
2016-03-23,3069.75
2016-03-28,3026.05
2016-03-29,3058.52
2016-03-30,3014.0
2016-03-31,3002.14
2016-04-01,3036.05
2016-04-04,3064.07
2016-04-05,3084.55
2016-04-06,3081.0
2016-04-07,3106.75
2016-04-08,3093.65
2016-04-11,3053.76
2016-04-12,3019.05
2016-04-13,3007.93
2016-04-14,2994.64
2016-04-15,2997.46
2016-04-18,2969.57
2016-04-19,2899.05
2016-04-20,2897.49
2016-04-21,2941.85
2016-04-22,2946.89
2016-04-25,2967.2
2016-04-26,2954.93
2016-04-27,2933.88
2016-04-28,2875.5
2016-04-29,2850.04
2016-05-02,2835.13
2016-05-03,2914.25
2016-05-04,2954.65
2016-05-05,2953.81
2016-05-06,2957.96
2016-05-09,2958.0
2016-05-10,2974.43
2016-05-11,2939.21
2016-05-12,2946.47
2016-05-13,2992.5
2016-05-16,3028.05
2016-05-17,3013.1
2016-05-18,3024.7
2016-05-19,3057.24
2016-05-20,3052.0
2016-05-23,3060.25
2016-05-24,3054.2
2016-05-25,3060.48
2016-05-26,3060.0
2016-05-27,3071.1
2016-05-30,3069.0
2016-05-31,3090.93
2016-06-01,3112.9
2016-06-02,3085.83
2016-06-03,3019.69
2016-06-06,3020.0
2016-06-07,2941.88
2016-06-08,2924.65
2016-06-09,2939.5
2016-06-10,2970.73
2016-06-13,2997.0
2016-06-14,3006.94
2016-06-15,2977.34
2016-06-16,3016.19
2016-06-17,3009.68
2016-06-20,2974.07
2016-06-21,2975.6
2016-06-22,2919.35
2016-06-23,2897.31
2016-06-24,2972.0
2016-06-27,3057.7
2016-06-28,2981.27
2016-06-29,2915.6
2016-06-30,2920.46
2016-07-01,2932.91
2016-07-04,2932.91
2016-07-05,2981.81
2016-07-06,3001.73
2016-07-07,2987.35
2016-07-08,2933.32
2016-07-11,2936.31
2016-07-12,2919.5
2016-07-13,2937.15
2016-07-14,2916.66
2016-07-15,2923.47
2016-07-18,2921.06
2016-07-19,2927.98
2016-07-20,2928.49
2016-07-21,2942.31
2016-07-22,2950.65
2016-07-25,3013.48
2016-07-26,3058.3
2016-07-27,3084.85
2016-07-28,3094.0
2016-07-29,3070.88
2016-08-01,3088.18
2016-08-02,3102.29
2016-08-03,3094.72
2016-08-04,3083.25
2016-08-05,3037.5
2016-08-08,2998.43
2016-08-09,2986.04
2016-08-10,2942.27
2016-08-11,2891.25
2016-08-12,2930.45
2016-08-16,2902.5
2016-08-17,2911.95
2016-08-18,2880.25
2016-08-19,2857.25
2016-08-22,2889.65
2016-08-23,2923.0
2016-08-24,2943.0
2016-08-25,2896.5
2016-08-26,2903.2
2016-08-29,2919.25
2016-08-30,2942.91
2016-08-31,2971.77
2016-09-02,2954.03
2016-09-07,2859.75
2016-09-08,2842.1
2016-09-09,2918.65
2016-09-12,2936.91
2016-09-13,2976.21
2016-09-14,2949.68
2016-09-15,2928.5
2016-09-16,2957.4
2016-09-19,2918.39
2016-09-20,2914.5
2016-09-21,2891.77
2016-09-22,2881.76
2016-09-23,2915.66
2016-09-26,2921.41
2016-09-27,2886.8
2016-09-28,2910.7
2016-09-29,2892.47
2016-09-30,2881.3
2016-10-03,2929.13
2016-10-04,2975.88
2016-10-05,2928.94
2016-10-06,2904.05
2016-10-07,2926.4
2016-10-10,2913.96
2016-10-11,2914.07
2016-10-12,2897.35
2016-10-13,2918.41
2016-10-14,2922.11
2016-10-17,2915.67
2016-10-18,2906.46
2016-10-19,2917.2
2016-10-20,2929.57
2016-10-21,2933.16
2016-10-24,2938.47
2016-10-25,2936.09
2016-10-26,2971.75
2016-10-27,2960.0
2016-10-28,2988.5
2016-10-31,3006.78
2016-11-01,3047.27
2016-11-02,3071.05
2016-11-03,3072.67
2016-11-04,3060.49
2016-11-07,3070.4
2016-11-08,2951.98
2016-11-09,3000.65
2016-11-10,3116.15
2016-11-11,3032.07
2016-11-14,3100.12
2016-11-15,3119.9
2016-11-16,3132.47
2016-11-17,3158.34
2016-11-18,3180.61
2016-11-21,3149.34
2016-11-22,3151.39
2016-11-23,3173.95
2016-11-24,3187.97
2016-11-25,3173.0
2016-11-28,3140.5
2016-11-29,3159.47
2016-11-30,3072.3
2016-12-01,3072.94
2016-12-02,3089.14
2016-12-05,3038.46
2016-12-06,3002.94
2016-12-07,3004.6
2016-12-08,3004.0
2016-12-09,3005.98
2016-12-12,2993.32
2016-12-13,2972.25
2016-12-14,2962.8
2016-12-15,3002.18
2016-12-16,3007.24
2016-12-20,2995.71
2016-12-21,2995.28
2016-12-22,2996.25
2016-12-23,2998.68
2016-12-26,2996.6
2016-12-27,2997.6
2016-12-28,3026.0
2016-12-29,3002.5
2016-12-30,3000.71
2017-01-02,3000.71
2017-01-03,2982.8
2017-01-04,2969.45
2017-01-05,2931.63
2017-01-06,2922.27
2017-01-09,2919.01
2017-01-10,2945.16
2017-01-11,2973.78
2017-01-12,2922.38
2017-01-13,2947.38
2017-01-16,2941.35
2017-01-17,2919.41
2017-01-18,2934.66
2017-01-19,2946.8
2017-01-20,2922.01
2017-01-23,2929.75
2017-01-24,2926.59
2017-01-25,2926.43
2017-01-26,2940.39
2017-01-27,2933.05
2017-01-30,2931.73
2017-01-31,2920.06
2017-02-01,2905.33
2017-02-02,2877.9
2017-02-03,2851.81
2017-02-06,2856.4
2017-02-07,2856.27
2017-02-08,2880.69
2017-02-09,2860.81
2017-02-10,2855.17
2017-02-13,2874.14
2017-02-14,2875.81
2017-02-15,2870.0
2017-02-16,2875.88
2017-02-17,2891.56
2017-02-20,2883.85
2017-02-21,2901.43
2017-02-22,2895.12
2017-02-23,2869.02
2017-02-24,2890.34
2017-02-27,2896.44
2017-02-28,2921.61
2017-03-01,2934.93
2017-03-02,2972.1
2017-03-03,2980.9
2017-03-06,2972.25
2017-03-07,2955.08
2017-03-08,2993.84
2017-03-09,2998.06
2017-03-10,2983.5
2017-03-13,2984.1
2017-03-14,2997.5
2017-03-15,2970.06
2017-03-16,2921.6
2017-03-17,2913.55
2017-03-20,2913.04
2017-03-21,2918.38
2017-03-22,2920.53
2017-03-23,2918.37
2017-03-24,2896.15
2017-03-27,2919.02
2017-03-28,2908.59
2017-03-29,2881.9
2017-03-30,2883.27
2017-03-31,2873.98
2017-04-03,2870.72
2017-04-04,2865.58
2017-04-05,2859.55
2017-04-06,2855.96
2017-04-07,2862.82
2017-04-10,2865.19
2017-04-11,2875.88
2017-04-12,2872.66
2017-04-17,2852.69
2017-04-18,2839.02
2017-04-19,2869.54
2017-04-20,2851.04
2017-04-21,2876.18
2017-04-24,2871.7
2017-04-25,2900.02
2017-04-26,2929.48
2017-04-27,2938.9
2017-04-28,2940.17
2017-05-02,2940.92
2017-05-03,2928.75
2017-05-04,2979.57
2017-05-05,2947.35
2017-05-08,2959.72
2017-05-09,2973.45
2017-05-10,2942.45
2017-05-11,2926.4
2017-05-12,2918.96
2017-05-15,2879.3
2017-05-16,2880.16
2017-05-17,2898.98
2017-05-18,2925.23
2017-05-19,2885.13
2017-05-22,2904.54
2017-05-23,2906.21
2017-05-24,2906.89
2017-05-25,2915.89
2017-05-26,2908.54
2017-05-30,2915.12
2017-05-31,2917.2
2017-06-01,2889.95
2017-06-02,2894.5
2017-06-05,2896.0
2017-06-06,2892.29
2017-06-07,2913.96
2017-06-08,2917.27
2017-06-09,2916.61
2017-06-12,2929.58
2017-06-13,2930.64
2017-06-14,2932.22
2017-06-15,2949.32
2017-06-16,2960.47
2017-06-20,3030.58
2017-06-21,3057.5
2017-06-22,3024.43
2017-06-23,3021.45
2017-06-27,3028.7
2017-06-28,3019.48
2017-06-29,3048.0
2017-06-30,3043.11
2017-07-04,3042.12
2017-07-05,3081.9
2017-07-06,3092.81
2017-07-07,3085.5
2017-07-10,3060.16
2017-07-11,3057.52
2017-07-12,3045.34
2017-07-13,3042.23
2017-07-14,3022.53
2017-07-17,3027.56
2017-07-18,3010.41
2017-07-19,3008.5
2017-07-21,3008.54
2017-07-24,3027.81
2017-07-25,3027.33
2017-07-26,3015.74
2017-07-27,3002.4
2017-07-28,2999.32
2017-07-31,2983.72
2017-08-01,2973.0
2017-08-02,2964.6
2017-08-03,2951.84
2017-08-04,2985.56
2017-08-08,2994.53
2017-08-09,3005.5
2017-08-10,2994.9
2017-08-11,2972.09
2017-08-14,2965.03
2017-08-15,2974.4
2017-08-16,2967.82
2017-08-17,2988.71
2017-08-18,2989.31
2017-08-22,2984.55
2017-08-23,2978.98
2017-08-24,2957.95
2017-08-25,2920.55
2017-08-28,2944.06
2017-08-29,2931.53
2017-08-31,2948.17
2017-09-01,2928.08
2017-09-04,2928.45
2017-09-06,2911.57
2017-09-07,2906.28
2017-09-12,2907.01
2017-09-13,2909.83
2017-09-14,2897.83
2017-09-15,2897.32
2017-09-18,2907.95
2017-09-19,2903.43
2017-09-20,2891.8
2017-09-21,2916.32
2017-09-22,2906.26
2017-09-25,2924.08
2017-09-27,2931.58
2017-09-28,2943.05
2017-09-29,2938.87
2017-10-02,2949.88
2017-10-03,2954.95
2017-10-04,2934.8
2017-10-05,2926.13
2017-10-17,2949.43
2017-10-18,2923.65
2017-10-19,2918.55
2017-10-20,2937.68
2017-10-23,2947.99
2017-10-24,2977.5
2017-10-25,2998.57
2017-10-26,3015.23
2017-10-27,3010.5
2017-10-30,3011.57
2017-10-31,3040.5
2017-11-01,3056.7
2017-11-02,3033.46
2017-11-03,3038.8
2017-11-07,3026.9
2017-11-08,3020.13
2017-11-09,3011.75
2017-11-10,3006.22
2017-11-14,3016.91
2017-11-15,3026.02
2017-11-16,3015.89
2017-11-17,3004.21
2017-11-20,3014.45
2017-11-21,2994.9
2017-11-22,2977.18
2017-11-23,2981.75
2017-11-24,2982.4
2017-11-27,2986.7
2017-11-28,3000.87
2017-11-29,3006.02
2017-11-30,3016.55
2017-12-01,3001.91
2017-12-04,2993.57
2017-12-05,2996.08
2017-12-06,3010.1
2017-12-07,3010.85
2017-12-11,3013.25
2017-12-12,3028.82
2017-12-13,3013.07
2017-12-14,2996.98
2017-12-15,2996.58
2017-12-18,2977.41
2017-12-19,2971.42
2017-12-20,2957.75
2017-12-21,2964.62
2017-12-22,2961.5
2017-12-26,2965.27
2017-12-27,2973.8
2017-12-28,2986.84
2018-01-02,2932.5
2018-01-03,2902.8
2018-01-04,2887.69
2018-01-05,2905.65
2018-01-09,2910.2
2018-01-10,2890.5
2018-01-11,2856.73
2018-01-12,2859.18
2018-01-15,2839.5
2018-01-16,2866.36
2018-01-17,2847.8
2018-01-18,2841.75
2018-01-19,2849.3
2018-01-22,2851.54
2018-01-23,2855.19
2018-01-24,2812.77
2018-01-25,2790.5
2018-01-26,2810.95
2018-01-29,2846.5
2018-01-30,2849.1
2018-01-31,2826.71
2018-02-01,2790.77
2018-02-02,2839.34
2018-02-05,2846.5
2018-02-06,2828.7
2018-02-07,2845.4
2018-02-08,2887.0
2018-02-09,2941.77
2018-02-12,2889.69
2018-02-13,2904.5
2018-02-14,2870.05
2018-02-15,2853.06
2018-02-16,2845.13
2018-02-19,2844.3
2018-02-20,2861.2
2018-02-21,2882.23
2018-02-22,2861.8
2018-02-23,2840.89
2018-02-26,2836.68
2018-02-27,2857.85
2018-02-28,2863.78
2018-03-01,2878.5
2018-03-02,2879.77
2018-03-05,2855.71
2018-03-06,2851.26
2018-03-07,2865.03
2018-03-08,2874.99
2018-03-09,2869.52
2018-03-12,2845.52
2018-03-13,2853.3
2018-03-14,2843.4
2018-03-15,2845.02
2018-03-16,2852.65
2018-03-20,2870.43
2018-03-21,2849.47
2018-03-22,2859.9
2018-03-23,2841.38
2018-03-26,2800.52
2018-03-27,2781.93
2018-03-28,2795.02
2018-04-02,2792.54
2018-04-03,2778.65
2018-04-04,2793.5
2018-04-05,2790.57
2018-04-06,2792.92
2018-04-09,2777.41
2018-04-10,2767.75
2018-04-11,2716.88
2018-04-12,2704.78
2018-04-13,2708.18
2018-04-16,2725.2
2018-04-17,2723.89
2018-04-18,2710.19
2018-04-19,2731.7
2018-04-20,2758.7
2018-04-23,2814.05
2018-04-24,2783.31
2018-04-25,2810.84
2018-04-26,2816.37
2018-04-27,2804.66
2018-04-30,2799.51
2018-05-02,2829.74
2018-05-03,2857.83
2018-05-04,2844.84
2018-05-07,2828.52
2018-05-08,2864.7
2018-05-09,2860.82
2018-05-10,2822.08
2018-05-11,2836.13
2018-05-15,2873.57
2018-05-16,2856.42
2018-05-17,2904.5
2018-05-18,2923.93
2018-05-21,2876.48
2018-05-22,2853.5
2018-05-23,2875.54
2018-05-24,2858.0
2018-05-25,2887.71
2018-05-28,2879.0
2018-05-29,2902.87
2018-05-30,2874.79
2018-05-31,2889.53
2018-06-01,2864.8
2018-06-05,2866.4
2018-06-06,2829.0
2018-06-07,2845.45
2018-06-08,2855.38
2018-06-12,2858.52
2018-06-13,2855.08
2018-06-14,2860.01
2018-06-15,2890.75
2018-06-18,2920.63
2018-06-19,2920.03
2018-06-20,2923.31
2018-06-21,2944.19
2018-06-22,2914.28
2018-06-25,2929.12
2018-06-26,2922.77
2018-06-27,2935.07
2018-06-28,2946.42
2018-06-29,2930.5
2018-07-03,2901.89
2018-07-04,2906.26
2018-07-05,2874.18
2018-07-06,2871.39
2018-07-09,2883.09
2018-07-10,2868.14
2018-07-11,2893.15
2018-07-12,2871.73
2018-07-13,2862.0
2018-07-16,2868.81
2018-07-17,2867.75
2018-07-18,2863.46
2018-07-19,2884.0
2018-07-23,2904.75
2018-07-24,2893.73
2018-07-25,2881.6
2018-07-26,2879.77
2018-07-27,2886.02
2018-07-30,2868.72
2018-07-31,2888.66
2018-08-01,2894.23
2018-08-02,2903.61
2018-08-03,2889.83
2018-08-06,2901.21
2018-08-08,2909.0
2018-08-09,2915.51
2018-08-10,2940.75
2018-08-13,3003.44
2018-08-14,3002.65
2018-08-15,3052.1
2018-08-16,3024.25
2018-08-17,3020.0
2018-08-21,2990.96
2018-08-22,2965.64
2018-08-23,2985.69
2018-08-24,2954.1
2018-08-27,2933.85
2018-08-28,2965.0
2018-08-29,3000.0
2018-08-30,3025.0
2018-08-31,3053.5
2018-09-03,3046.15
2018-09-04,3089.95
2018-09-05,3093.78
2018-09-06,3093.25
2018-09-07,3070.93
2018-09-10,3066.0
2018-09-11,3088.0
2018-09-12,3055.0
2018-09-13,3019.7
2018-09-14,3026.0
2018-09-17,3013.25
2018-09-18,3007.1
2018-09-19,3019.1
2018-09-20,3014.5
2018-09-21,3007.66
2018-09-24,2992.25
2018-09-25,3001.0
2018-09-26,3000.0
2018-09-27,2990.0
2018-09-28,2972.0
2018-10-01,2996.13
2018-10-02,3016.65
2018-10-03,3015.88
2018-10-04,3034.82
2018-10-05,3031.15
2018-10-08,3045.63
2018-10-09,3060.56
2018-10-10,3094.0
2018-10-11,3087.5
2018-10-12,3094.93
2018-10-16,3052.57
2018-10-17,3067.1
2018-10-18,3092.35
2018-10-19,3077.83
2018-10-22,3085.65
2018-10-23,3119.27
2018-10-24,3165.63
2018-10-25,3172.0
2018-10-26,3181.06
2018-10-29,3186.6
2018-10-30,3209.0
2018-10-31,3220.55
2018-11-01,3195.06
2018-11-02,3183.38
2018-11-06,3150.2
2018-11-07,3141.39
2018-11-08,3144.19
2018-11-09,3179.48
2018-11-13,3189.65
2018-11-14,3202.07
2018-11-15,3190.48
2018-11-16,3167.43
2018-11-19,3175.6
2018-11-20,3198.25
2018-11-21,3190.13
2018-11-22,3188.0
2018-11-23,3227.52
2018-11-26,3244.6
2018-11-27,3250.33
2018-11-28,3275.85
2018-11-29,3238.48
2018-11-30,3234.25
2018-12-03,3196.72
2018-12-04,3176.8
2018-12-05,3162.43
2018-12-06,3187.06
2018-12-07,3153.81
2018-12-10,3189.85
2018-12-11,3186.46
2018-12-12,3169.8
2018-12-13,3179.0
2018-12-14,3196.43
2018-12-17,3181.5
2018-12-18,3205.84
2018-12-19,3220.95
2018-12-20,3268.5
2018-12-21,3292.0
2018-12-24,3296.75
2018-12-26,3284.0
2018-12-27,3279.07
2018-12-28,3253.0
2018-12-31,3249.75
2019-01-02,3238.35
2019-01-03,3244.0
2019-01-04,3192.57
2019-01-07,3208.56
2019-01-08,3165.96
2019-01-09,3127.93
2019-01-10,3136.25
2019-01-11,3152.78
2019-01-14,3140.75
2019-01-15,3142.05
2019-01-16,3117.63
2019-01-17,3133.3
2019-01-18,3124.75
2019-01-21,3121.66
2019-01-22,3145.77
2019-01-23,3146.1
2019-01-24,3171.35
2019-01-25,3151.5
2019-01-28,3159.02
2019-01-29,3155.43
2019-01-30,3163.92
2019-01-31,3107.0
2019-02-01,3090.42
2019-02-04,3088.02
2019-02-05,3089.4
2019-02-06,3105.13
2019-02-07,3118.2
2019-02-08,3116.2
2019-02-11,3139.7
2019-02-12,3126.6
2019-02-13,3131.1
2019-02-14,3151.52
2019-02-15,3141.79
2019-02-18,3126.35
2019-02-19,3141.4
2019-02-20,3110.7
2019-02-21,3123.55
2019-02-22,3105.75
2019-02-25,3105.55
2019-02-26,3083.45
2019-02-27,3071.18
2019-02-28,3080.38
2019-03-01,3096.13
2019-03-04,3093.71
2019-03-05,3099.93
2019-03-06,3106.2
2019-03-07,3143.35
2019-03-08,3174.5
2019-03-11,3178.55
2019-03-12,3150.75
2019-03-13,3145.52
2019-03-14,3144.65
2019-03-15,3124.08
2019-03-18,3102.54
2019-03-19,3094.65
2019-03-20,3092.59
2019-03-21,3082.08
2019-03-22,3126.06
2019-03-26,3145.52
2019-03-27,3186.45
2019-03-28,3191.0
2019-03-29,3186.0
2019-04-01,3146.74
2019-04-02,3143.2
2019-04-03,3128.68
2019-04-04,3132.9
2019-04-05,3126.35
2019-04-08,3115.22
2019-04-09,3105.18
2019-04-10,3095.67
2019-04-11,3113.59
2019-04-12,3109.0
2019-04-15,3136.17
2019-04-16,3160.71
2019-04-17,3160.87
2019-04-18,3160.48
2019-04-22,3139.4
2019-04-23,3177.88
2019-04-24,3195.23
2019-04-25,3233.0
2019-04-26,3237.98
2019-04-29,3247.87
2019-04-30,3233.95
2019-05-02,3262.9
2019-05-03,3240.52
2019-05-06,3254.1
2019-05-07,3297.0
2019-05-08,3290.09
2019-05-09,3278.0
2019-05-10,3274.25
2019-05-13,3274.3
2019-05-14,3284.72
2019-05-15,3296.2
2019-05-16,3290.14
2019-05-17,3290.27
2019-05-20,3341.81
2019-05-21,3344.45
2019-05-22,3335.85
2019-05-23,3378.2
2019-05-24,3358.77
2019-05-27,3358.68
2019-05-28,3379.55
2019-05-29,3352.8
2019-05-30,3363.98
2019-05-31,3379.0
2019-06-04,3292.38
2019-06-05,3305.98
2019-06-06,3291.27
2019-06-07,3268.75
2019-06-10,3258.72
2019-06-11,3259.01
2019-06-12,3269.0
2019-06-13,3268.13
2019-06-14,3273.88
2019-06-17,3285.9
2019-06-18,3255.7
2019-06-19,3241.0
2019-06-20,3193.99
2019-06-21,3203.05
2019-06-25,3190.68
2019-06-26,3183.94
2019-06-27,3197.65
2019-06-28,3211.65
2019-07-02,3209.95
2019-07-03,3195.35
2019-07-04,3198.11
2019-07-05,3210.13
2019-07-08,3217.98
2019-07-09,3218.5
2019-07-10,3206.5
2019-07-11,3199.35
2019-07-12,3192.9
2019-07-15,3190.9
2019-07-16,3199.95
2019-07-17,3185.25
2019-07-18,3176.5
2019-07-19,3173.4
2019-07-22,3175.88
2019-07-23,3188.57
2019-07-24,3198.8
2019-07-25,3217.58
2019-07-26,3237.55
2019-07-29,3285.01
2019-07-30,3302.82
2019-07-31,3280.19
2019-08-01,3340.85
2019-08-02,3384.5
2019-08-05,3456.41
2019-08-06,3428.23
2019-08-08,3369.32
2019-08-09,3395.5
2019-08-12,3426.76
2019-08-13,3412.98
2019-08-14,3459.13
2019-08-15,3471.73
2019-08-16,3426.75
2019-08-20,3408.98
2019-08-21,3377.6
2019-08-22,3390.5
2019-08-23,3423.0
2019-08-26,3444.77
2019-08-27,3469.98
2019-08-28,3477.05
2019-08-29,3439.08
2019-08-30,3442.35
2019-09-02,3459.0
2019-09-03,3443.23
2019-09-04,3397.7
2019-09-05,3380.8
2019-09-06,3357.25
2019-09-09,3371.82
2019-09-10,3362.52
2019-09-11,3375.05
2019-09-12,3366.6
2019-09-13,3363.5
2019-09-16,3364.48
2019-09-17,3385.48
2019-09-18,3373.75
2019-09-19,3384.75
2019-09-20,3416.2
2019-09-23,3437.0
2019-09-24,3435.25
2019-09-25,3431.52
2019-09-26,3448.38
2019-09-27,3459.8
2019-09-30,3477.03
2019-10-01,3496.1
2019-10-02,3497.36
2019-10-03,3450.55
2019-10-04,3436.0
2019-10-07,3452.48
2019-10-08,3453.45
2019-10-09,3467.75
2019-10-10,3459.13
2019-10-11,3431.02
2019-10-14,3431.46
2019-10-15,3451.7
2019-10-16,3459.27
2019-10-17,3451.5
2019-10-18,3425.65
2019-10-21,3448.52
2019-10-22,3432.2
2019-10-23,3393.85
2019-10-24,3406.07
2019-10-25,3395.73
2019-10-28,3395.25
2019-10-29,3377.02
2019-10-30,3389.65
2019-10-31,3379.55
2019-11-01,3325.7
2019-11-04,3339.19
2019-11-05,3311.93
2019-11-06,3338.0
2019-11-07,3319.77
2019-11-08,3339.41
2019-11-11,3341.01
2019-11-12,3409.0
2019-11-13,3428.85
2019-11-14,3453.9
2019-11-15,3426.23
2019-11-18,3442.27
2019-11-19,3439.5
2019-11-20,3442.7
2019-11-21,3420.4
2019-11-22,3425.0
2019-11-25,3435.15
2019-11-26,3475.95
2019-11-27,3509.02
2019-11-28,3513.0
2019-11-29,3516.93
2019-12-02,3508.77
2019-12-03,3504.4
2019-12-04,3471.0
2019-12-05,3458.45
2019-12-06,3425.13
2019-12-09,3418.88
2019-12-10,3405.35
2019-12-11,3376.3
2019-12-12,3373.05
2019-12-13,3375.85
2019-12-16,3354.55
2019-12-17,3343.04
2019-12-18,3327.55
2019-12-19,3315.5
2019-12-20,3331.7
2019-12-23,3312.75
2019-12-24,3299.0
2019-12-26,3286.2
2019-12-27,3301.25
2019-12-30,3287.5
2019-12-31,3277.14
2020-01-02,3255.95
2020-01-03,3263.95
2020-01-06,3262.05
2020-01-07,3273.0
2020-01-08,3246.88
2020-01-09,3255.98
2020-01-10,3271.95
2020-01-13,3269.45
2020-01-14,3286.52
2020-01-15,3298.9
2020-01-16,3322.4
2020-01-17,3332.0
2020-01-20,3332.52
2020-01-21,3353.52
2020-01-22,3332.38
2020-01-23,3360.96
2020-01-24,3366.05
2020-01-27,3400.13
2020-01-28,3385.6
2020-01-29,3389.05
2020-01-30,3414.75
2020-01-31,3420.65
2020-02-03,3395.75
2020-02-04,3361.45
2020-02-05,3362.48
2020-02-06,3380.15
2020-02-07,3414.45
2020-02-10,3453.7
2020-02-11,3420.43
2020-02-12,3388.63
2020-02-13,3376.52
2020-02-14,3392.1
2020-02-17,3397.77
2020-02-18,3407.73
2020-02-19,3391.07
2020-02-20,3403.5
2020-02-21,3381.61
2020-02-24,3432.47
2020-02-25,3430.44
2020-02-26,3451.74
2020-02-27,3476.44
2020-02-28,3529.05
2020-03-02,3495.55
2020-03-03,3459.59
2020-03-04,3473.82
2020-03-05,3522.0
2020-03-06,3586.14
2020-03-09,3792.83
2020-03-10,3795.93
2020-03-11,3849.96
2020-03-12,3951.57
2020-03-13,3981.25
2020-03-16,4090.0
2020-03-17,4022.8
2020-03-18,4100.77
2020-03-19,4106.38
2020-03-20,4092.34
2020-03-24,4104.03
2020-03-25,4079.91
2020-03-26,3990.35
2020-03-27,4037.79
2020-03-30,4060.75
2020-03-31,4055.75
2020-04-01,4063.5
2020-04-02,4049.5
2020-04-03,4015.0
2020-04-06,3978.85
2020-04-07,3910.77
2020-04-08,3895.2
2020-04-13,3871.75
2020-04-14,3854.08
2020-04-15,3892.78
2020-04-16,3931.11
2020-04-17,3940.98
2020-04-20,3977.8
2020-04-21,4047.6
2020-04-22,4032.16
2020-04-23,4022.77
2020-04-24,4043.2
2020-04-27,4060.55
2020-04-28,4042.31
2020-04-29,3924.3
2020-04-30,3942.86
2020-05-04,3988.38
2020-05-05,3933.23
2020-05-06,3965.09
2020-05-07,3924.38
2020-05-08,3893.9
2020-05-11,3898.13
2020-05-12,3881.85
2020-05-13,3912.86
2020-05-14,3942.82
2020-05-15,3914.45
2020-05-18,3852.52
2020-05-19,3834.55
2020-05-20,3814.7
2020-05-21,3769.55
2020-05-22,3780.68
2020-05-26,3727.77
2020-05-27,3733.65
2020-05-28,3699.4
2020-05-29,3732.0
2020-06-01,3718.97
2020-06-02,3636.63
2020-06-03,3606.95
2020-06-04,3590.75
2020-06-05,3575.13
2020-06-08,3607.38
2020-06-09,3657.38
2020-06-10,3673.38
2020-06-11,3774.11
2020-06-12,3779.15
2020-06-16,3749.55
2020-06-17,3748.91
2020-06-18,3753.15
2020-06-19,3740.7
2020-06-23,3699.63
2020-06-24,3727.45
2020-06-25,3731.52
2020-06-26,3750.17
2020-06-30,3757.75
2020-07-01,3715.55
2020-07-02,3642.8
2020-07-03,3651.68
2020-07-06,3637.19
2020-07-07,3625.61
2020-07-08,3641.33
2020-07-09,3622.75
2020-07-10,3621.61
2020-07-13,3620.45
2020-07-14,3623.05
2020-07-15,3623.2
2020-07-16,3643.07
2020-07-17,3650.9
2020-07-21,3623.19
2020-07-22,3638.07
2020-07-23,3668.45
2020-07-24,3693.28
2020-07-27,3677.7
2020-07-28,3724.9
2020-07-29,3705.97
2020-07-30,3723.53
2020-07-31,3732.83
2020-08-03,3768.9
2020-08-04,3780.49
2020-08-05,3776.23
2020-08-06,3741.5
2020-08-07,3772.64
2020-08-10,3774.4
2020-08-11,3741.4
2020-08-12,3758.25
2020-08-13,3771.45
2020-08-14,3792.27
2020-08-18,3782.8
2020-08-19,3758.04
2020-08-20,3803.35
2020-08-21,3837.7
2020-08-24,3855.84
2020-08-25,3868.18
2020-08-26,3835.95
2020-08-27,3815.68
2020-08-28,3745.28
2020-08-31,3741.1
2020-09-01,3678.55
2020-09-02,3655.3
2020-09-03,3693.1
2020-09-04,3715.38
2020-09-08,3738.2
2020-09-09,3715.93
2020-09-10,3708.36
2020-09-11,3708.25
2020-09-14,3698.02
2020-09-15,3700.7
2020-09-16,3686.93
2020-09-17,3715.94
2020-09-18,3736.96
2020-09-21,3790.18
2020-09-22,3828.88
2020-09-23,3864.04
2020-09-24,3827.5
2020-09-25,3887.15
2020-09-28,3871.6
2020-09-29,3887.49
2020-09-30,3829.18
2020-10-01,3845.06
2020-10-02,3870.82
2020-10-05,3830.1
2020-10-06,3832.18
2020-10-07,3838.6
2020-10-08,3839.34
2020-10-09,3826.52
2020-10-12,3825.98
2020-10-13,3862.07
2020-10-14,3837.26
2020-10-15,3849.49
2020-10-16,3849.48
2020-10-19,3844.7
2020-10-20,3821.65
2020-10-21,3768.84
2020-10-22,3785.48
2020-10-23,3788.34
2020-10-26,3814.09
2020-10-27,3810.48
2020-10-28,3835.55
2020-10-30,3870.94
2020-11-03,3820.1
2020-11-04,3815.03
2020-11-05,3764.57
2020-11-06,3722.51
2020-11-09,3648.6
2020-11-10,3628.98
2020-11-11,3632.38
2020-11-12,3643.18
2020-11-13,3639.63
2020-11-17,3638.99
2020-11-18,3644.92
2020-11-19,3649.12
2020-11-20,3641.75
2020-11-23,3644.82
2020-11-24,3639.71
2020-11-25,3620.26
2020-11-26,3616.85
2020-11-27,3613.02
2020-11-30,3600.75
2020-12-01,3570.65
2020-12-02,3530.71
2020-12-03,3476.1
2020-12-04,3467.04
2020-12-07,3487.87
2020-12-09,3465.68
2020-12-10,3439.45
2020-12-11,3435.54
2020-12-14,3429.97
2020-12-15,3424.97
2020-12-16,3418.14
2020-12-17,3412.43
2020-12-18,3419.94
2020-12-21,3427.28
2020-12-22,3451.75
2020-12-23,3488.25
2020-12-24,3499.47
2020-12-28,3495.02
2020-12-29,3480.71
2020-12-30,3429.73
2021-01-04,3432.69
2021-01-05,3446.24
2021-01-06,3425.09
2021-01-07,3474.13
2021-01-08,3475.8
2021-01-12,3483.5
2021-01-13,3478.77
2021-01-14,3462.02
2021-01-15,3465.69
2021-01-18,3480.35
2021-01-19,3487.04
2021-01-20,3471.73
2021-01-21,3479.85
2021-01-22,3527.05
2021-01-25,3589.13
2021-01-26,3596.38
2021-01-27,3621.18
2021-01-28,3572.99
2021-01-29,3575.78
2021-02-01,3568.8
2021-02-02,3530.27
2021-02-03,3528.58
2021-02-04,3555.52
2021-02-05,3547.25
2021-02-08,3561.38
2021-02-09,3582.55
2021-02-10,3557.99
2021-02-11,3527.71
2021-02-12,3510.12
2021-02-15,3501.84
2021-02-16,3521.39
2021-02-17,3540.46
2021-02-18,3539.68
2021-02-19,3559.25
2021-02-22,3597.85
2021-02-23,3590.88
2021-02-24,3571.22
2021-02-25,3592.82
2021-02-26,3608.27
2021-03-01,3616.94
2021-03-02,3637.01
2021-03-03,3661.06
2021-03-04,3643.62
2021-03-05,3635.33
2021-03-08,3615.32
2021-03-09,3598.41
2021-03-10,3582.17
2021-03-11,3542.72
2021-03-12,3568.25
2021-03-15,3572.19
2021-03-16,3558.49
2021-03-17,3567.33
2021-03-18,3570.78
2021-03-19,3551.6
2021-03-23,3579.04
2021-03-24,3614.09
2021-03-26,3667.92
2021-03-29,3680.71
2021-03-30,3720.43
2021-03-31,3704.37
2021-04-05,3660.2
2021-04-06,3646.17
2021-04-07,3643.11
2021-04-08,3642.07
2021-04-09,3639.01
2021-04-12,3653.54
2021-04-13,3666.46
2021-04-14,3672.36
2021-04-15,3612.88
2021-04-16,3609.7
2021-04-19,3602.02
2021-04-20,3639.46
2021-04-21,3627.09
2021-04-22,3637.61
2021-04-23,3639.63
2021-04-26,3652.5
2021-04-27,3715.51
2021-04-28,3708.85
2021-04-29,3710.47
2021-04-30,3729.88
2021-05-03,3819.67
2021-05-04,3824.86
2021-05-05,3845.59
2021-05-06,3821.25
2021-05-07,3763.64
2021-05-10,3740.42
2021-05-11,3708.81
2021-05-12,3747.06
2021-05-13,3729.79
2021-05-14,3704.54
2021-05-18,3666.45
2021-05-19,3672.45
2021-05-20,3696.84
2021-05-21,3746.15
2021-05-24,3736.25
2021-05-25,3734.9
2021-05-26,3743.15
2021-05-27,3729.19
2021-05-28,3707.15
2021-05-31,3711.95
2021-06-01,3666.21
2021-06-02,3649.8
2021-06-03,3646.58
2021-06-04,3599.98
2021-06-08,3604.85
2021-06-09,3591.9
2021-06-10,3589.94
2021-06-11,3603.44
2021-06-15,3663.95
2021-06-16,3678.23
2021-06-17,3713.35
2021-06-18,3745.4
2021-06-21,3759.14
2021-06-22,3782.27
2021-06-23,3784.94
2021-06-24,3774.42
2021-06-25,3731.85
2021-06-28,3708.75
2021-06-29,3767.41
2021-06-30,3752.35
2021-07-01,3784.65
2021-07-02,3743.27
2021-07-06,3787.46
2021-07-07,3831.4
2021-07-08,3843.38
2021-07-09,3834.01
2021-07-12,3823.02
2021-07-13,3824.41
2021-07-14,3794.99
2021-07-15,3802.23
2021-07-16,3809.99
2021-07-19,3854.89
2021-07-21,3854.63
2021-07-22,3870.01
2021-07-23,3869.56
2021-07-26,3908.43
2021-07-27,3919.06
2021-07-28,3905.47
2021-07-29,3867.61
2021-07-30,3830.75
2021-08-02,3886.29
2021-08-03,3911.09
2021-08-04,3909.46
2021-08-05,3910.18
2021-08-06,3957.44
2021-08-09,3997.33
2021-08-10,3969.9
2021-08-11,3944.04
2021-08-12,3858.58
2021-08-13,3846.38
2021-08-17,3879.42
2021-08-18,3852.32
2021-08-19,3870.11
2021-08-20,3872.2
2021-08-23,3876.48
2021-08-24,3866.65
2021-08-25,3865.0
2021-08-26,3866.14
2021-08-27,3829.46
2021-08-30,3815.79
2021-08-31,3771.96
2021-09-01,3762.93
2021-09-02,3797.56
2021-09-03,3800.6
2021-09-06,3794.52
2021-09-07,3813.82
2021-09-08,3834.76
2021-09-09,3853.15
2021-09-10,3838.69
2021-09-13,3833.47
2021-09-14,3829.92
2021-09-15,3814.78
2021-09-16,3816.97
2021-09-17,3830.0
2021-09-20,3842.8
2021-09-21,3838.39
2021-09-22,3832.01
2021-09-23,3833.42
2021-09-24,3837.65
2021-09-27,3843.52
2021-09-28,3834.9
2021-09-29,3839.97
2021-09-30,3807.8
2021-10-01,3793.38
2021-10-04,3795.4
2021-10-05,3785.05
2021-10-06,3787.56
2021-10-07,3774.5
2021-10-08,3766.81
2021-10-11,3761.39
2021-10-12,3721.18
2021-10-13,3744.4
2021-10-14,3771.35
2021-10-15,3767.47
2021-10-18,3770.62
2021-10-19,3767.2
2021-10-20,3767.56
2021-10-21,3780.25
2021-10-22,3774.11
2021-10-25,3767.8
2021-10-26,3769.23
2021-10-27,3759.45
2021-10-28,3777.75
2021-10-29,3767.37
2021-11-02,3795.98
2021-11-03,3834.24
2021-11-04,3869.34
2021-11-05,3878.85
2021-11-08,3876.38
2021-11-09,3862.9
2021-11-10,3881.91
2021-11-11,3878.63
2021-11-12,3884.63
2021-11-16,3895.34
2021-11-17,3918.43
2021-11-18,3925.4
2021-11-19,3916.18
2021-11-22,3894.82
2021-11-23,3949.88
2021-11-24,3975.13
2021-11-25,3984.3
2021-11-26,4015.7
2021-11-29,4035.59
2021-11-30,3962.76
2021-12-01,3971.56
2021-12-02,3938.27
2021-12-03,3967.44
2021-12-06,3932.17
2021-12-07,3910.65
2021-12-08,3905.56
2021-12-09,3903.02
2021-12-10,3901.3
2021-12-13,3890.83
2021-12-14,4003.09
2021-12-15,4000.1
2021-12-16,4019.45
2021-12-17,4028.13
2021-12-20,4007.16
2021-12-21,4001.07
2021-12-22,3999.62
2021-12-23,3998.88
2021-12-24,3993.43
2021-12-27,3999.42
2021-12-28,4011.35
2021-12-29,4038.04
2021-12-30,4080.32
2022-01-03,4061.8
2022-01-04,4081.55
2022-01-05,4024.35
2022-01-06,4033.05
2022-01-07,4051.08
2022-01-10,4051.98
2022-01-11,3993.25
2022-01-12,3974.38
2022-01-13,3967.85
2022-01-14,4004.03
2022-01-17,4007.11
2022-01-18,4038.09
2022-01-19,3995.04
2022-01-20,3977.23
2022-01-21,3955.38
2022-01-24,3977.05
2022-01-25,3970.77
2022-01-26,3930.4
2022-01-27,3963.65
2022-01-28,3957.0
2022-01-31,3947.01
2022-02-01,3925.51
2022-02-02,3932.49
2022-02-03,3954.19
2022-02-04,3955.68
2022-02-07,3965.25
2022-02-08,3948.21
2022-02-09,3939.78
2022-02-10,3920.2
2022-02-11,3930.02
2022-02-14,3944.5
2022-02-15,3951.85
2022-02-16,3963.52
2022-02-17,3932.55
2022-02-18,3930.74
2022-02-21,3938.31
2022-02-22,3930.57
2022-02-23,3912.9
2022-02-24,3926.61
2022-02-25,3913.0
2022-02-28,3937.94
2022-03-01,3884.13
2022-03-02,3836.48
2022-03-03,3756.42
2022-03-04,3826.49
2022-03-07,3812.31
2022-03-08,3771.85
2022-03-09,3742.9
2022-03-10,3817.75
2022-03-11,3819.95
2022-03-14,3798.66
2022-03-15,3831.95
2022-03-16,3836.3
2022-03-17,3825.15
2022-03-18,3817.04
2022-03-22,3761.61
2022-03-23,3784.82
2022-03-24,3788.23
2022-03-25,3794.11
2022-03-28,3786.88
2022-03-29,3756.11
2022-03-30,3757.46
2022-03-31,3771.05
2022-04-01,3754.66
2022-04-04,3706.02
2022-04-05,3741.1
2022-04-06,3750.45
2022-04-07,3769.5
2022-04-08,3754.0
2022-04-11,3739.07
2022-04-12,3732.73
2022-04-13,3723.0
2022-04-14,3721.5
2022-04-18,3733.42
2022-04-19,3749.82
2022-04-20,3760.66
2022-04-21,3766.66
2022-04-22,3857.75
2022-04-25,3933.44
2022-04-26,3942.93
2022-04-27,3955.54
2022-04-28,3981.27
2022-04-29,3960.95
2022-05-02,4010.02
2022-05-03,4029.27
2022-05-04,4066.36
2022-05-05,4083.04
2022-05-06,4053.93
2022-05-09,4091.11
2022-05-10,4074.07
2022-05-11,4086.02
2022-05-12,4110.69
2022-05-13,4109.88
2022-05-16,4058.19
2022-05-17,4029.43
2022-05-18,4071.49
2022-05-19,4053.3
2022-05-20,3971.78
2022-05-23,3977.52
2022-05-24,3976.17
2022-05-25,3936.63
2022-05-26,3922.0
2022-05-27,3932.59
2022-05-31,3772.1
2022-06-01,3799.92
2022-06-02,3773.9
2022-06-03,3788.32
2022-06-06,3795.43
2022-06-07,3784.8
2022-06-08,3807.14
2022-06-09,3850.67
2022-06-10,3940.95
2022-06-13,3970.75
2022-06-14,3967.8
2022-06-15,3892.35
2022-06-16,3900.17
2022-06-17,3902.05
2022-06-21,4023.94
2022-06-22,4019.47
2022-06-23,4108.38
2022-06-24,4138.38
2022-06-28,4096.76
2022-06-29,4115.65
2022-06-30,4155.11
2022-07-01,4198.39
2022-07-04,4188.58
2022-07-05,4278.88
2022-07-06,4352.71
2022-07-07,4395.35
2022-07-08,4420.75
2022-07-11,4575.04
2022-07-12,4626.8
2022-07-13,4490.4
2022-07-14,4493.45
2022-07-15,4361.45
2022-07-18,4308.83
2022-07-19,4321.85
2022-07-21,4424.39
2022-07-22,4464.5
2022-07-25,4466.98
2022-07-26,4446.58
2022-07-27,4422.08
2022-07-28,4372.02
2022-07-29,4295.52
2022-08-01,4269.95
2022-08-02,4325.2
2022-08-03,4307.25
2022-08-04,4289.45
2022-08-05,4348.02
2022-08-08,4316.9
2022-08-09,4349.51
2022-08-10,4273.0
2022-08-11,4228.19
2022-08-12,4160.1
2022-08-16,4247.59
2022-08-17,4345.24
2022-08-18,4389.88
2022-08-19,4377.35
2022-08-22,4397.12
2022-08-23,4357.39
2022-08-24,4409.25
2022-08-25,4393.1
2022-08-26,4403.95
2022-08-29,4369.2
2022-08-30,4421.52
2022-08-31,4429.17
2022-09-01,4486.85
2022-09-02,4482.63
2022-09-05,4474.55
2022-09-06,4478.55
2022-09-07,4404.47
2022-09-08,4397.19
2022-09-09,4353.27
2022-09-12,4359.58
2022-09-13,4412.0
2022-09-14,4386.49
2022-09-15,4418.66
2022-09-16,4435.9
2022-09-19,4406.2
2022-09-20,4423.8
2022-09-21,4403.75
2022-09-22,4367.91
2022-09-23,4448.02
2022-09-26,4544.03
2022-09-27,4559.81
2022-09-28,4487.17
2022-09-29,4530.47
2022-09-30,4608.75
2022-10-03,4530.05
2022-10-04,4498.52
2022-10-05,4582.2
2022-10-06,4609.27
2022-10-07,4622.88
2022-10-10,4606.02
2022-10-11,4607.25
2022-10-12,4607.33
2022-10-13,4575.7
2022-10-14,4698.5
2022-10-17,4685.92
2022-10-18,4766.05
2022-10-19,4841.75
2022-10-20,4906.8
2022-10-21,4915.58
2022-10-24,4990.7
2022-10-25,4976.25
2022-10-26,4886.46
2022-10-27,4822.41
2022-10-28,4833.4
2022-10-31,4940.08
2022-11-01,5008.67
2022-11-02,5011.58
2022-11-03,5075.25
2022-11-04,5120.15
2022-11-08,4950.2
2022-11-09,4878.71
2022-11-10,4801.95
2022-11-11,4808.95
2022-11-14,4805.54
2022-11-15,4858.7
2022-11-16,4952.85
2022-11-17,4992.25
2022-11-18,4988.42
2022-11-21,4945.63
2022-11-22,4905.27
2022-11-23,4890.2
2022-11-24,4885.58
2022-11-25,4866.17
2022-11-28,4834.51
2022-11-29,4809.52
2022-11-30,4834.25
2022-12-01,4765.75
2022-12-02,4776.65
2022-12-05,4839.85
2022-12-06,4834.0
2022-12-07,4827.99
2022-12-09,4809.6
2022-12-12,4849.2
2022-12-13,4763.41
2022-12-14,4781.17
2022-12-15,4793.72
2022-12-16,4787.8
2022-12-19,4777.12
2022-12-20,4769.23
2022-12-21,4770.09
2022-12-22,4761.78
2022-12-23,4737.68
2022-12-26,4741.75
2022-12-27,4765.7
2022-12-28,4774.5
2022-12-29,4852.5
2023-01-03,4896.24
2023-01-04,4929.67
2023-01-05,4966.75
2023-01-06,4855.48
2023-01-10,4787.6
2023-01-11,4733.1
2023-01-12,4685.04
2023-01-13,4688.68
2023-01-16,4681.81
2023-01-17,4734.3
2023-01-18,4696.9
2023-01-19,4669.98
2023-01-20,4585.58
2023-01-23,4544.55
2023-01-24,4522.19
2023-01-25,4538.83
2023-01-26,4519.0
2023-01-27,4577.04
2023-01-30,4654.9
2023-01-31,4670.86
2023-02-01,4625.24
2023-02-02,4619.66
2023-02-03,4697.77
2023-02-06,4786.74
2023-02-07,4727.5
2023-02-08,4761.02
2023-02-09,4736.06
2023-02-10,4799.67
2023-02-13,4787.75
2023-02-14,4797.54
2023-02-15,4925.01
2023-02-16,4924.13
2023-02-17,4906.4
2023-02-20,4913.74
2023-02-21,4959.95
2023-02-22,4896.2
2023-02-23,4857.38
2023-02-24,4837.13
2023-02-27,4761.75
2023-02-28,4862.66
2023-03-01,4832.35
2023-03-02,4806.59
2023-03-03,4784.42
2023-03-06,4704.96
2023-03-07,4767.74
2023-03-08,4777.66
2023-03-10,4713.45
2023-03-13,4768.17
2023-03-14,4740.71
2023-03-15,4844.01
2023-03-16,4877.04
2023-03-17,4827.25
2023-03-21,4803.06
2023-03-22,4768.04
2023-03-23,4742.88
2023-03-24,4735.7
2023-03-27,4687.87
2023-03-28,4668.47
2023-03-29,4614.33
2023-03-30,4623.09
2023-04-03,4604.77
2023-04-04,4582.35
2023-04-05,4568.55
2023-04-10,4556.34
2023-04-11,4509.46
2023-04-12,4450.46
2023-04-13,4418.67
2023-04-14,4414.93
2023-04-17,4437.46
2023-04-18,4491.38
2023-04-19,4520.89
2023-04-20,4537.3
2023-04-21,4514.3
2023-04-24,4482.52
2023-04-25,4477.33
2023-04-26,4534.0
2023-04-27,4652.06
2023-04-28,4695.27
2023-05-02,4694.14
2023-05-03,4662.52
2023-05-04,4602.98
2023-05-05,4524.86
2023-05-08,4508.6
2023-05-09,4556.24
2023-05-10,4547.33
2023-05-11,4567.13
2023-05-12,4552.89
2023-05-15,4492.5
2023-05-16,4526.18
2023-05-17,4505.75
2023-05-18,4520.41
2023-05-19,4531.19
2023-05-23,4478.25
2023-05-24,4447.98
2023-05-25,4489.13
2023-05-26,4445.77
2023-05-29,4431.25
2023-05-30,4392.75
2023-05-31,4451.11
2023-06-01,4396.88
2023-06-02,4349.6
2023-06-05,4281.15
2023-06-06,4228.0
2023-06-07,4209.54
2023-06-08,4170.58
2023-06-09,4170.08
2023-06-13,4195.05
2023-06-14,4172.51
2023-06-15,4153.36
2023-06-16,4162.25
2023-06-20,4161.11
2023-06-21,4146.48
2023-06-22,4101.45
2023-06-23,4187.48
2023-06-26,4172.82
2023-06-27,4170.0
2023-06-28,4146.6
2023-06-29,4166.01
2023-06-30,4171.7
2023-07-04,4140.0
2023-07-05,4137.63
2023-07-06,4188.39
2023-07-07,4155.0
2023-07-10,4163.0
2023-07-11,4183.62
2023-07-12,4127.82
2023-07-13,4096.17
2023-07-14,4071.52
2023-07-17,4039.11
2023-07-18,3996.45
2023-07-19,3977.0
2023-07-21,3955.2
2023-07-24,3949.3
2023-07-25,3959.36
2023-07-26,3943.95
2023-07-27,3934.65
2023-07-28,3916.0
2023-07-31,3891.2
2023-08-01,3955.84
2023-08-02,4057.05
2023-08-03,4156.25
2023-08-04,4065.52
2023-08-08,4078.52
2023-08-09,4016.23
2023-08-10,3951.98
2023-08-11,3968.88
2023-08-14,4035.1
2023-08-15,4087.63
2023-08-16,4131.48
2023-08-17,4100.21
2023-08-18,4130.84
2023-08-22,4110.38
2023-08-23,4085.23
2023-08-24,4087.98
2023-08-25,4127.58
2023-08-28,4110.88
2023-08-29,4099.87
2023-08-30,4091.73
2023-08-31,4095.81
2023-09-01,4064.0
2023-09-04,4052.75
2023-09-05,4084.0
2023-09-06,4074.4
2023-09-07,4038.93
2023-09-08,4023.5
2023-09-11,3989.61
2023-09-12,3983.74
2023-09-13,3950.23
2023-09-14,3920.54
2023-09-15,3924.17
2023-09-18,3926.35
2023-09-19,3911.24
2023-09-20,3916.77
2023-09-21,3924.0
2023-09-22,3978.84
2023-09-25,4052.08
2023-09-26,4064.2
2023-09-27,4093.75
2023-09-28,4075.77
2023-09-29,4067.88
2023-10-02,4158.75
2023-10-03,4217.5
2023-10-04,4264.25
2023-10-05,4349.5
2023-10-06,4339.4
2023-10-09,4317.6
2023-10-10,4229.44
2023-10-11,4229.66
2023-10-12,4224.77
2023-10-13,4237.16
2023-10-17,4192.0
2023-10-18,4236.7
2023-10-19,4229.78
2023-10-20,4225.28
2023-10-23,4225.03
2023-10-24,4217.31
2023-10-25,4195.28
2023-10-26,4128.66
2023-10-27,4108.29
2023-10-30,4066.04
2023-10-31,4119.25
2023-11-01,4105.54
2023-11-02,4046.5
2023-11-03,3977.38
2023-11-07,4014.48
2023-11-08,4080.5
2023-11-09,4025.69
2023-11-10,4035.0
2023-11-14,3968.75
2023-11-15,4022.5
2023-11-16,4091.27
2023-11-17,4092.48
2023-11-20,4036.14
2023-11-21,4072.5
2023-11-22,4070.25
2023-11-23,4067.35
2023-11-24,4039.62
2023-11-27,3976.94
2023-11-28,3953.98
2023-11-29,3992.32
2023-11-30,4035.48
2023-12-01,3967.85
2023-12-04,4017.72
2023-12-05,3998.2
2023-12-06,4000.4
2023-12-07,3991.38
2023-12-11,3985.75
2023-12-12,3996.19
2023-12-13,3998.52
2023-12-14,3967.0
2023-12-15,3938.0
2023-12-18,3935.5
2023-12-19,3935.25
2023-12-20,3941.62
2023-12-21,3948.24
2023-12-22,3905.59
2023-12-26,3858.45
2023-12-27,3829.26
2023-12-28,3854.92
2024-01-02,3881.5
2024-01-03,3920.38
2024-01-04,3933.5
2024-01-05,3877.54
2024-01-09,3939.31
2024-01-10,3941.25
2024-01-11,3924.73
2024-01-12,3912.53
2024-01-15,3906.25
2024-01-16,3942.69
2024-01-17,3966.11
2024-01-18,3918.32
2024-01-19,3910.64
2024-01-22,3901.38
2024-01-23,3953.31
2024-01-24,3917.13
2024-01-25,3941.18
2024-01-26,3912.6
2024-01-29,3930.0
2024-01-30,3915.0
2024-01-31,3914.9
2024-02-01,3888.25
2024-02-02,3935.8
2024-02-05,3966.59
2024-02-06,3953.5
2024-02-07,3958.39
2024-02-08,3948.51
2024-02-09,3922.34
2024-02-12,3915.39
2024-02-13,3925.2
2024-02-14,3917.5
2024-02-15,3909.5
2024-02-16,3908.54
2024-02-19,3912.7
2024-02-20,3921.9
2024-02-21,3925.48
2024-02-22,3929.02
2024-02-23,3964.07
2024-02-26,3958.87
2024-02-27,3933.04
2024-02-28,3925.0
2024-02-29,3925.76
2024-03-01,3947.61
2024-03-04,3941.96
2024-03-05,3945.02
2024-03-06,3921.27
2024-03-07,3916.7
2024-03-08,3901.75
2024-03-11,3915.11
2024-03-12,3924.38
2024-03-13,3904.33
2024-03-14,3893.81
2024-03-15,3882.89
2024-03-18,3896.5
2024-03-19,3879.7
2024-03-20,3893.73
2024-03-21,3902.02
2024-03-22,3894.44
2024-03-26,3856.88
2024-03-27,3852.31
2024-04-01,3864.23
2024-04-02,3829.73
2024-04-03,3813.0
2024-04-04,3767.95
2024-04-05,3766.05
2024-04-08,3770.01
2024-04-09,3773.99
2024-04-10,3810.85
2024-04-11,3827.47
2024-04-12,3861.6
2024-04-15,3902.36
2024-04-16,3917.05
2024-04-17,3901.73
2024-04-18,3938.2
2024-04-19,3910.34
2024-04-22,3915.84
2024-04-23,3909.38
2024-04-24,3939.21
2024-04-25,3955.52
2024-04-26,3902.9
2024-04-29,3866.4
2024-04-30,3919.57
2024-05-02,3905.05
2024-05-03,3913.25
2024-05-06,3896.05
2024-05-07,3887.56
2024-05-08,3899.26
2024-05-09,3898.75
2024-05-10,3889.21
2024-05-14,3847.0
2024-05-15,3823.17
2024-05-16,3829.75
2024-05-17,3829.43
2024-05-20,3817.92
2024-05-21,3814.15
2024-05-22,3827.96
2024-05-23,3866.94
2024-05-24,3874.83
2024-05-27,3874.4
2024-05-28,3846.53
2024-05-29,3875.0
2024-05-30,3868.91
2024-05-31,3867.04
2024-06-04,3936.57
2024-06-05,3935.27
2024-06-06,3937.61
2024-06-07,3934.5
2024-06-11,3985.31
2024-06-12,4027.61
2024-06-13,4147.88
2024-06-14,4139.44
2024-06-17,4130.58
2024-06-18,4137.0
2024-06-19,4160.85
2024-06-20,4172.91
2024-06-21,4145.99
2024-06-24,4091.17
2024-06-25,4099.33
2024-06-26,4136.72
2024-06-27,4167.98
2024-06-28,4153.08
2024-07-02,4128.61
2024-07-03,4102.34
2024-07-04,4097.38
2024-07-05,4087.41
2024-07-08,4048.04
2024-07-09,4016.03
2024-07-10,3969.92
2024-07-11,3978.4
2024-07-12,3922.1
2024-07-15,3947.79
2024-07-16,3982.46
2024-07-17,4002.71
2024-07-18,4044.66
2024-07-19,4037.56
2024-07-22,3995.69
2024-07-23,4010.93
2024-07-24,4042.73
2024-07-25,4031.75
2024-07-26,4024.06
2024-07-29,4065.92
2024-07-30,4084.93
2024-07-31,4063.9
2024-08-01,4087.66
2024-08-02,4132.0
2024-08-05,4156.5
2024-08-06,4139.52
2024-08-08,4073.0
2024-08-09,4072.09
2024-08-12,4055.28
2024-08-13,4032.41
2024-08-14,4019.63
2024-08-15,4011.71
2024-08-16,4030.25
2024-08-20,4010.55
2024-08-21,4029.54
2024-08-22,4063.99
2024-08-23,4028.51
2024-08-26,4024.91
2024-08-27,4038.35
2024-08-28,4096.5
2024-08-29,4120.09
2024-08-30,4177.58
2024-09-02,4165.62
2024-09-03,4185.7
2024-09-04,4172.84
2024-09-05,4158.04
2024-09-06,4174.4
2024-09-09,4243.67
2024-09-10,4280.35
2024-09-11,4269.8
2024-09-12,4208.77
2024-09-13,4184.62
2024-09-16,4233.9
2024-09-17,4211.66
2024-09-18,4182.07
2024-09-19,4160.62
2024-09-20,4151.59
2024-09-23,4157.5
2024-09-24,4154.25
2024-09-25,4198.43
2024-09-26,4158.96
2024-09-27,4178.15
2024-09-30,4206.9
2024-10-01,4221.89
2024-10-02,4183.12
2024-10-03,4191.27
2024-10-04,4169.09
2024-10-07,4214.95
2024-10-08,4227.37
2024-10-09,4234.76
2024-10-10,4201.27
2024-10-11,4209.42
2024-10-15,4247.75
2024-10-16,4264.13
2024-10-17,4256.74
2024-10-18,4272.1
2024-10-21,4276.25
2024-10-22,4265.07
2024-10-23,4316.83
2024-10-24,4301.0
2024-10-25,4327.5
2024-10-28,4336.36
2024-10-29,4388.25
2024-10-30,4417.25
2024-10-31,4423.83
2024-11-01,4435.79
2024-11-05,4408.36
2024-11-06,4412.2
2024-11-07,4308.04
2024-11-08,4361.71
2024-11-12,4452.0
2024-11-13,4478.56
2024-11-14,4486.0
2024-11-15,4429.77
2024-11-18,4402.75
2024-11-19,4391.99
2024-11-20,4402.06
2024-11-21,4392.45
2024-11-22,4416.49
2024-11-25,4385.8
2024-11-26,4402.38
2024-11-27,4386.95
2024-11-28,4402.49
2024-11-29,4433.36
2024-12-02,4460.08
2024-12-03,4440.81
2024-12-04,4415.73
2024-12-05,4415.27
2024-12-06,4407.95
2024-12-09,4372.26
2024-12-10,4371.19
2024-12-11,4345.1
2024-12-12,4346.97
2024-12-13,4317.91
2024-12-16,4321.25
2024-12-17,4345.8
2024-12-18,4372.84
2024-12-19,4378.59
2024-12-20,4386.38
2024-12-23,4419.98
2024-12-24,4373.69
2024-12-26,4383.85
2024-12-27,4408.03
2024-12-30,4404.8
2024-12-31,4405.77
2025-01-02,4375.3
2025-01-03,4346.85
2025-01-07,4340.06
2025-01-08,4327.2
2025-01-09,4332.0
2025-01-10,4345.0
2025-01-13,4306.75
2025-01-14,4294.5
2025-01-15,4302.14
2025-01-16,4343.73
2025-01-17,4335.35
2025-01-20,4318.75
2025-01-21,4306.16
2025-01-22,4266.2
2025-01-23,4230.88
2025-01-24,4178.25
2025-01-27,4198.48
2025-01-28,4219.0
2025-01-29,4169.15
2025-01-30,4155.03
2025-01-31,4209.33
2025-02-03,4161.71
2025-02-04,4160.14
2025-02-05,4176.42
2025-02-06,4135.67
2025-02-07,4122.38
2025-02-10,4137.3
2025-02-11,4139.46
2025-02-12,4167.04
2025-02-13,4139.08
2025-02-14,4126.25
2025-02-17,4126.85
2025-02-18,4093.0
2025-02-19,4101.37
2025-02-20,4076.72
2025-02-21,4082.25
2025-02-24,4118.26
2025-02-25,4128.66
2025-02-26,4103.88
2025-02-27,4131.46
2025-02-28,4154.14
2025-03-03,4108.13
2025-03-04,4159.5
2025-03-05,4112.75
2025-03-06,4102.99
2025-03-07,4130.83
2025-03-10,4179.77
2025-03-11,4132.3
2025-03-12,4107.04
2025-03-13,4124.38
2025-03-14,4100.22
2025-03-17,4072.39
2025-03-18,4118.11
2025-03-19,4162.88
2025-03-20,4171.58
2025-03-21,4144.75
2025-03-25,4107.81
2025-03-26,4129.0
2025-03-27,4170.55
2025-03-28,4201.7
2025-03-31,4182.91
2025-04-01,4145.5
2025-04-02,4156.13
2025-04-03,4156.2
2025-04-04,4274.23
2025-04-07,4384.8
2025-04-08,4425.25
2025-04-09,4319.28
2025-04-10,4333.35
2025-04-11,4276.97
2025-04-14,4298.31
2025-04-15,4355.02
2025-04-16,4305.77
2025-04-21,4281.54
2025-04-22,4294.62
2025-04-23,4306.42
2025-04-24,4266.84
2025-04-25,4217.75
2025-04-28,4217.08
2025-04-29,4186.64
2025-04-30,4226.88
2025-05-01,4242.65
2025-05-02,4250.16
2025-05-05,4300.22
2025-05-06,4305.67
2025-05-07,4284.83
2025-05-08,4251.67
2025-05-09,4224.45
2025-05-12,4226.51
2025-05-13,4219.56
2025-05-14,4181.17
2025-05-15,4200.56
2025-05-16,4176.25
2025-05-19,4173.03
2025-05-20,4167.2
2025-05-21,4176.57
2025-05-22,4175.38
2025-05-23,4150.95
2025-05-26,4149.95
2025-05-27,4112.01
2025-05-28,4124.92
2025-05-29,4119.47
2025-05-30,4160.22
2025-06-03,4107.95
2025-06-04,4108.95
2025-06-05,4108.8
2025-06-06,4115.39
2025-06-09,4141.54
2025-06-10,4205.71
2025-06-11,4180.19
2025-06-12,4153.25
2025-06-13,4131.56
2025-06-16,4104.95
2025-06-17,4099.86
2025-06-18,4068.2
2025-06-19,4077.72
2025-06-20,4094.82
2025-06-24,4077.5
2025-06-25,4061.75
2025-06-26,4040.25
2025-06-27,4099.51
2025-07-01,4027.35
2025-07-02,3994.4
2025-07-03,3983.84
2025-07-04,3984.45
2025-07-07,4043.05
2025-07-08,4047.23
2025-07-09,4007.9
2025-07-10,4010.75
2025-07-11,4000.65
2025-07-14,4001.53
2025-07-15,4027.01
2025-07-16,4014.09
2025-07-17,4019.74
2025-07-18,4015.52
2025-07-21,4044.73
2025-07-22,4075.65
2025-07-23,4044.73
2025-07-24,4072.67
2025-07-25,4140.37
2025-07-28,4166.29
2025-07-29,4142.13
2025-07-30,4181.7
2025-07-31,4185.58
2025-08-01,4127.2
2025-08-04,4097.52
2025-08-05,4089.69
2025-08-06,4046.19
2025-08-08,4050.11
2025-08-11,4034.21
2025-08-12,4017.76
2025-08-13,4028.49
2025-08-14,4052.4
2025-08-15,4014.7
2025-08-19,4032.15
2025-08-20,4020.48
2025-08-21,4030.6
2025-08-22,4010.8
2025-08-25,4026.1
2025-08-26,4054.23
2025-08-27,4029.23
2025-08-28,4026.55
2025-08-29,4017.05
2025-09-01,4016.55
2025-09-02,4003.04
2025-09-03,4005.4
2025-09-04,3987.1
2025-09-05,3959.51
2025-09-08,3940.35
2025-09-09,3922.1
2025-09-10,3924.25
2025-09-11,3893.02
2025-09-12,3896.5
2025-09-15,3905.95
2025-09-16,3870.56
2025-09-17,3877.68
2025-09-18,3894.98
2025-09-19,3865.37
2025-09-22,3846.2
2025-09-23,3856.86
2025-09-24,3883.29
2025-09-25,3904.35
2025-09-26,3900.6
2025-09-29,3919.32
2025-09-30,3920.46
2025-10-01,3879.38
2025-10-02,3885.67
2025-10-03,3869.8
2025-10-06,3854.89
2025-10-07,3875.21
2025-10-08,3891.88
2025-10-09,3885.77
2025-10-10,3923.53
2025-10-14,3924.17
2025-10-15,3894.88
2025-10-16,3844.59
2025-10-17,3831.32
2025-10-20,3884.52
2025-10-21,3892.88
2025-10-22,3909.61
2025-10-23,3882.05
2025-10-24,3852.07
2025-10-27,3848.27
2025-10-28,3897.41
2025-10-29,3873.6
2025-10-30,3862.4
2025-10-31,3854.68
2025-11-04,3857.9
2025-11-05,3834.5
2025-11-06,3785.9
2025-11-07,3783.68
2025-11-10,3754.4
2025-11-11,3736.47
2025-11-12,3707.02
2025-11-13,3745.98
2025-11-14,3755.13
2025-11-17,3755.94
2025-11-18,3722.17
2025-11-19,3713.67
2025-11-20,3763.92
2025-11-21,3807.4
2025-11-24,3801.71
2025-11-25,3813.3
2025-11-26,3729.34
2025-11-27,3743.55
2025-11-28,3755.34
2025-12-01,3815.61
2025-12-02,3811.0
2025-12-03,3763.79
2025-12-04,3799.05
2025-12-05,3842.61
2025-12-09,3864.73
2025-12-10,3839.77
2025-12-11,3802.73
2025-12-12,3800.46
2025-12-15,3830.05
2025-12-16,3843.64
2025-12-17,3864.8
2025-12-18,3859.92
2025-12-19,3823.85
2025-12-22,3783.35
2025-12-23,3760.55
2025-12-24,3736.1
2025-12-26,3697.0
2025-12-29,3748.3
2025-12-30,3777.62
2026-01-02,3775.23
2026-01-05,3737.27
2026-01-06,3715.0
2026-01-07,3743.6
2026-01-08,3710.19
2026-01-09,3715.39
2026-01-13,3629.02
2026-01-14,3682.48
2026-01-15,3689.5
2026-01-16,3696.82
2026-01-19,3655.63
2026-01-20,3671.93
2026-01-21,3671.05
2026-01-22,3603.5
2026-01-23,3645.04
2026-01-26,3682.05
2026-01-27,3635.54
2026-01-28,3673.62
2026-01-29,3640.7
2026-01-30,3696.89
2026-02-02,3616.2
2026-02-03,3647.39
2026-02-04,3650.54
2026-02-05,3710.33
2026-02-06,3660.5
2026-02-09,3657.24
2026-02-10,3669.66
2026-02-11,3664.74
2026-02-12,3664.27
2026-02-13,3655.19
2026-02-16,3667.13
2026-02-17,3650.77
2026-02-18,3682.97
2026-02-19,3697.12
2026-02-20,3708.79
2026-02-23,3685.54
2026-02-24,3704.35
2026-02-25,3687.38
2026-02-26,3764.2
2026-02-27,3751.64
2026-03-02,3750.27
2026-03-03,3802.75
2026-03-04,3747.5
2026-03-05,3773.66
2026-03-06,3775.34
2026-03-09,3765.08
2026-03-10,3698.82
2026-03-11,3704.4
2026-03-12,3685.6
2026-03-13,3698.3
2026-03-16,3698.53
